interval_begin;interval_end;interval_id;edge_arrived;edge_density;edge_departed;edge_entered;edge_id;edge_laneChangedFrom;edge_laneChangedTo;edge_laneDensity;edge_left;edge_occupancy;edge_overlapTraveltime;edge_sampledSeconds;edge_speed;edge_speedRelative;edge_timeLoss;edge_traveltime;edge_waitingTime
0.00;11964.00;DEFAULT_EDGEDATA;0;14.84;0;4740;1;0;0;2.97;4740;1.48;2.47;10802.53;26.69;0.92;765.41;2.28;0.00
0.00;11964.00;DEFAULT_EDGEDATA;0;7.67;0;1060;10;0;0;3.84;1060;1.92;2.92;2637.75;11.55;0.40;1576.38;2.49;0.00
0.00;11964.00;DEFAULT_EDGEDATA;0;0.29;0;100;100;0;0;0.15;100;0.07;1.06;88.90;28.60;0.98;0.81;0.89;0.00
0.00;11964.00;DEFAULT_EDGEDATA;0;1.88;0;488;1002;0;0;0.94;488;0.47;1.10;426.03;21.73;0.75;104.21;0.87;0.00
0.00;11964.00;DEFAULT_EDGEDATA;0;5.22;0;1774;1004;0;0;2.61;1774;1.31;1.55;2440.84;28.40;0.98;30.97;1.38;0.00
0.00;11964.00;DEFAULT_EDGEDATA;0;15.55;0;4770;1005;0;0;5.18;4770;2.59;4.08;18528.37;25.63;0.88;2027.85;3.88;0.00
0.00;11964.00;DEFAULT_EDGEDATA;0;15.78;0;4770;1006;0;0;5.26;4770;2.63;0.70;2381.86;25.27;0.87;290.68;0.50;0.00
0.00;11964.00;DEFAULT_EDGEDATA;0;7.70;0;2361;1007;0;0;7.70;2361;3.85;1.15;2256.00;25.64;0.88;244.40;0.96;0.00
0.00;11964.00;DEFAULT_EDGEDATA;0;14.62;0;3900;1008;0;0;14.62;3900;7.31;0.52;1143.77;22.30;0.77;258.25;0.29;0.00
0.00;11964.00;DEFAULT_EDGEDATA;0;51.36;0;2746;1010;0;0;12.84;2746;6.42;13.04;32746.35;4.47;0.15;27658.61;11.93;0.00
0.00;11964.00;DEFAULT_EDGEDATA;0;0.09;0;30;1011;0;0;0.04;30;0.02;2.62;73.39;28.57;0.98;1.05;2.45;0.00
0.00;11964.00;DEFAULT_EDGEDATA;0;7.83;0;2361;1013;0;0;7.83;2361;3.91;1.42;2875.23;25.21;0.87;354.52;1.22;0.00
0.00;11964.00;DEFAULT_EDGEDATA;0;3.31;0;1030;1014;0;0;3.31;1030;1.66;1.08;918.90;25.99;0.89;87.63;0.89;0.00
0.00;11964.00;DEFAULT_EDGEDATA;0;0.09;0;32;1015;0;0;0.09;32;0.05;2.32;68.72;28.32;0.97;0.00;2.15;0.00
0.00;11964.00;DEFAULT_EDGEDATA;0;0.70;0;128;1016;0;0;0.70;128;0.35;2.73;307.54;15.22;0.52;143.94;2.40;0.00
0.00;11964.00;DEFAULT_EDGEDATA;0;14.42;0;4740;1017;0;0;2.88;4740;1.44;1.93;8280.33;27.47;0.95;363.62;1.75;0.00
0.00;11964.00;DEFAULT_EDGEDATA;0;0.37;128;0;102;0;0;0.37;128;0.19;0.62;56.91;28.61;0.98;0.02;0.44;0.00
0.00;11964.00;DEFAULT_EDGEDATA;0;76.07;0;3756;1020;0;0;38.03;3756;19.02;8.87;28776.51;4.13;0.14;24643.67;7.66;0.00
0.00;11964.00;DEFAULT_EDGEDATA;0;2.09;0;714;1021;0;0;1.04;714;0.52;5.15;3548.81;28.60;0.98;31.80;4.97;0.00
0.00;11964.00;DEFAULT_EDGEDATA;0;5.04;0;1647;1022;0;0;1.68;1647;0.84;8.53;13746.14;27.32;0.94;663.79;8.35;0.00
0.00;11964.00;DEFAULT_EDGEDATA;0;15.65;0;4938;1023;0;0;2.61;4938;1.30;1.84;8148.77;26.37;0.91;673.48;1.65;0.00
0.00;11964.00;DEFAULT_EDGEDATA;0;0.03;0;12;1024;0;0;0.03;12;0.02;1.04;10.43;28.89;0.99;0.00;0.87;0.00
0.00;11964.00;DEFAULT_EDGEDATA;0;7.40;0;2241;1026;0;0;2.47;2241;1.23;1.06;1931.45;25.33;0.87;227.99;0.86;0.00
0.00;11964.00;DEFAULT_EDGEDATA;0;16.18;0;4740;1027;0;0;3.24;4740;1.62;3.02;13360.76;24.48;0.84;1973.72;2.82;0.00
0.00;11964.00;DEFAULT_EDGEDATA;0;7.67;0;2241;1028;0;0;2.56;2241;1.28;1.11;2022.11;24.44;0.84;301.44;0.90;0.00
0.00;11964.00;DEFAULT_EDGEDATA;0;62.78;0;3896;103;0;0;15.70;3896;7.85;15.80;57812.79;5.19;0.18;47370.58;14.84;0.00
0.00;11964.00;DEFAULT_EDGEDATA;0;0.03;0;12;1031;0;0;0.02;12;0.01;1.41;14.88;28.89;0.99;0.00;1.24;0.00
0.00;11964.00;DEFAULT_EDGEDATA;0;112.33;0;3900;1032;0;0;37.44;3900;18.72;10.96;36017.61;2.90;0.10;32388.50;9.24;0.00
0.00;11964.00;DEFAULT_EDGEDATA;0;16.10;0;4998;1033;0;0;2.68;4998;1.34;2.85;13298.25;25.96;0.89;1273.35;2.66;0.00
0.00;11964.00;DEFAULT_EDGEDATA;0;7.49;0;2229;1036;0;0;2.50;2229;1.25;1.09;1970.75;24.86;0.86;264.69;0.88;0.00
0.00;11964.00;DEFAULT_EDGEDATA;0;271.58;0;4024;1037;0;0;67.90;4024;33.95;22.83;75641.66;1.24;0.04;72379.18;18.80;0.00
0.00;11964.00;DEFAULT_EDGEDATA;0;1.33;0;444;1038;0;0;0.67;444;0.33;2.97;1238.32;27.86;0.96;38.46;2.79;0.00
0.00;11964.00;DEFAULT_EDGEDATA;0;3.40;0;1060;1039;0;0;1.70;1060;0.85;1.90;1806.82;26.05;0.90;166.75;1.70;0.00
0.00;11964.00;DEFAULT_EDGEDATA;0;119.58;0;3900;104;0;0;39.86;3900;19.93;11.21;36566.67;2.73;0.09;33105.45;9.38;0.00
0.00;11964.00;DEFAULT_EDGEDATA;0;0.37;0;128;1040;0;0;0.12;128;0.06;1.36;152.30;28.58;0.98;0.19;1.19;0.00
0.00;11964.00;DEFAULT_EDGEDATA;0;0.37;0;128;1041;0;0;0.12;128;0.06;1.30;144.25;28.57;0.98;0.20;1.13;0.00
0.00;11964.00;DEFAULT_EDGEDATA;0;5.19;0;1774;1042;0;0;2.60;1774;1.30;1.96;3173.92;28.56;0.98;22.79;1.79;0.00
0.00;11964.00;DEFAULT_EDGEDATA;0;0.04;0;12;1044;0;0;0.02;12;0.01;0.85;7.63;23.77;0.82;1.35;0.64;0.00
0.00;11964.00;DEFAULT_EDGEDATA;0;15.71;0;4998;1046;0;0;2.62;4998;1.31;2.19;10020.68;26.58;0.91;740.08;2.00;0.00
0.00;11964.00;DEFAULT_EDGEDATA;0;88.03;0;3900;1047;0;0;22.01;3900;11.00;23.17;85079.17;3.70;0.13;74140.18;21.82;0.00
0.00;11964.00;DEFAULT_EDGEDATA;0;7.55;0;2241;105;0;0;2.52;2241;1.26;0.98;1748.65;24.82;0.85;237.13;0.78;0.00
0.00;11964.00;DEFAULT_EDGEDATA;0;1.35;0;444;1050;0;0;0.67;444;0.34;1.19;446.41;27.58;0.95;18.27;1.01;0.00
0.00;11964.00;DEFAULT_EDGEDATA;0;3.38;0;1060;1052;0;0;1.69;1060;0.85;0.52;350.02;26.20;0.90;30.66;0.33;0.00
0.00;11964.00;DEFAULT_EDGEDATA;0;5.68;0;1774;1053;0;0;2.84;1774;1.42;2.15;3471.96;26.11;0.90;320.12;1.96;0.00
0.00;11964.00;DEFAULT_EDGEDATA;0;88.15;0;3611;1054;0;0;44.08;3611;22.04;20.70;69461.13;3.42;0.12;61198.67;19.24;0.00
0.00;11964.00;DEFAULT_EDGEDATA;0;1.57;0;100;106;0;0;0.78;100;0.39;9.29;835.60;5.33;0.18;681.29;8.36;0.00
0.00;11964.00;DEFAULT_EDGEDATA;128;0.38;0;128;1060;0;0;0.13;0;0.06;3.58;435.97;28.42;0.98;2.90;3.41;0.00
0.00;11964.00;DEFAULT_EDGEDATA;0;12.62;0;3524;1061;0;0;3.15;3524;1.58;2.61;8433.83;23.34;0.80;1574.95;2.39;0.00
0.00;11964.00;DEFAULT_EDGEDATA;0;3.27;0;1030;1062;0;0;1.09;1030;0.54;1.39;1239.88;26.35;0.91;102.79;1.20;0.00
0.00;11964.00;DEFAULT_EDGEDATA;0;226.00;0;4471;1063;0;0;56.50;4471;28.25;20.18;76682.90;1.65;0.06;72272.30;17.15;3688.50
0.00;11964.00;DEFAULT_EDGEDATA;0;7.44;0;2229;1064;0;0;2.48;2229;1.24;1.30;2458.06;25.05;0.86;314.23;1.10;0.00
0.00;11964.00;DEFAULT_EDGEDATA;0;49.42;0;3896;1065;0;0;16.47;3896;8.24;5.55;18665.38;6.59;0.23;14391.04;4.79;0.00
0.00;11964.00;DEFAULT_EDGEDATA;0;1.31;0;444;1067;0;0;0.66;444;0.33;1.67;662.46;28.22;0.97;12.15;1.49;0.00
0.00;11964.00;DEFAULT_EDGEDATA;0;7.54;0;2361;1068;0;0;7.54;2361;3.77;1.48;3049.53;26.18;0.90;272.68;1.29;0.00
0.00;11964.00;DEFAULT_EDGEDATA;0;1.35;0;444;1069;0;0;0.68;444;0.34;0.99;359.55;27.40;0.94;16.95;0.81;0.00
0.00;11964.00;DEFAULT_EDGEDATA;0;0.37;0;128;1071;0;0;0.37;128;0.19;0.45;35.79;28.61;0.98;0.01;0.28;0.00
0.00;11964.00;DEFAULT_EDGEDATA;0;16.70;0;4938;1073;0;0;2.78;4938;1.39;2.92;13425.52;24.72;0.85;1878.13;2.72;0.00
0.00;11964.00;DEFAULT_EDGEDATA;0;1.37;0;444;1074;0;0;0.68;444;0.34;0.85;296.40;27.16;0.93;16.49;0.67;0.00
0.00;11964.00;DEFAULT_EDGEDATA;0;28.31;0;8526;1075;0;0;5.66;8526;2.83;1.71;12868.98;25.18;0.87;1605.42;1.51;0.00
0.00;11964.00;DEFAULT_EDGEDATA;0;106.78;0;3900;1078;0;0;35.59;3900;17.80;14.94;51892.53;3.05;0.11;46391.91;13.31;0.00
0.00;11964.00;DEFAULT_EDGEDATA;0;4.51;0;1517;1081;0;0;2.26;1517;1.13;0.62;676.34;28.10;0.97;15.28;0.45;0.00
0.00;11964.00;DEFAULT_EDGEDATA;3900;11.32;0;3900;1083;0;0;11.32;0;5.66;0.70;2050.29;28.80;0.99;0.50;0.53;0.00
0.00;11964.00;DEFAULT_EDGEDATA;0;7.67;0;2229;1084;0;0;2.56;2229;1.28;15.13;33269.01;24.30;0.84;5115.85;14.93;0.00
0.00;11964.00;DEFAULT_EDGEDATA;0;2.12;0;715;1085;0;0;1.06;715;0.53;1.30;800.29;28.15;0.97;18.20;1.12;0.00
0.00;11964.00;DEFAULT_EDGEDATA;0;3.74;0;488;1087;0;0;1.87;488;0.93;3.43;1449.99;10.91;0.38;899.95;2.97;0.00
0.00;11964.00;DEFAULT_EDGEDATA;0;1.36;0;444;1088;0;0;0.68;444;0.34;0.88;307.45;27.37;0.94;14.89;0.69;0.00
0.00;11964.00;DEFAULT_EDGEDATA;0;7.35;0;2361;1089;0;0;2.45;2361;1.22;2.65;5828.66;26.86;0.92;383.25;2.47;0.00
0.00;11964.00;DEFAULT_EDGEDATA;0;0.37;0;128;109;0;0;0.37;128;0.19;0.79;79.37;28.61;0.98;0.02;0.62;0.00
0.00;11964.00;DEFAULT_EDGEDATA;0;3.28;0;1030;1090;0;0;1.09;1030;0.55;1.14;977.60;26.26;0.90;84.29;0.95;0.00
0.00;11964.00;DEFAULT_EDGEDATA;0;1.33;0;444;1091;0;0;0.67;444;0.33;3.42;1439.61;27.87;0.96;44.11;3.24;0.00
0.00;11964.00;DEFAULT_EDGEDATA;0;0.37;0;128;1092;0;0;0.37;128;0.19;0.54;46.13;28.61;0.98;0.02;0.36;0.00
0.00;11964.00;DEFAULT_EDGEDATA;0;0.29;0;100;1093;0;0;0.29;100;0.15;0.29;11.07;28.55;0.98;0.13;0.11;0.00
0.00;11964.00;DEFAULT_EDGEDATA;0;4.68;0;1517;1094;0;0;2.34;1517;1.17;0.82;956.66;27.10;0.93;54.93;0.63;0.00
0.00;11964.00;DEFAULT_EDGEDATA;0;15.26;0;4998;1095;0;0;2.54;4998;1.27;2.19;10017.88;27.38;0.94;462.22;2.00;0.00
0.00;11964.00;DEFAULT_EDGEDATA;0;148.64;0;3900;1096;0;0;37.16;3900;18.58;6.49;16413.52;2.19;0.08;15163.68;4.21;0.00
0.00;11964.00;DEFAULT_EDGEDATA;0;1.46;0;488;1097;0;0;1.46;488;0.73;0.92;361.78;27.99;0.96;9.75;0.74;0.00
0.00;11964.00;DEFAULT_EDGEDATA;0;3.31;0;1030;1098;0;0;1.10;1030;0.55;2.89;2780.18;26.05;0.90;259.65;2.70;0.00
0.00;11964.00;DEFAULT_EDGEDATA;0;2.13;0;714;1099;0;0;1.07;714;0.53;1.19;721.99;27.97;0.96;22.45;1.01;0.00
0.00;11964.00;DEFAULT_EDGEDATA;0;144.69;7635;0;11;0;0;36.17;7635;18.09;14.29;100472.96;4.41;0.15;85065.76;13.16;0.00
0.00;11964.00;DEFAULT_EDGEDATA;0;3.32;0;1130;110;0;0;1.11;1130;0.55;3.47;3724.96;28.42;0.98;42.52;3.30;0.00
0.00;11964.00;DEFAULT_EDGEDATA;0;4.97;0;1647;1100;0;0;2.48;1647;1.24;0.98;1318.01;27.72;0.95;50.24;0.80;0.00
0.00;11964.00;DEFAULT_EDGEDATA;0;1.32;0;444;1103;0;0;0.66;444;0.33;2.26;925.06;28.03;0.96;23.17;2.08;0.00
0.00;11964.00;DEFAULT_EDGEDATA;0;7.88;0;2361;1104;0;0;7.88;2361;3.94;3.44;7659.44;25.03;0.86;991.29;3.24;0.00
0.00;11964.00;DEFAULT_EDGEDATA;4740;15.86;0;4740;1107;0;0;3.17;0;1.59;2.17;9340.12;24.98;0.86;1216.92;1.97;0.00
0.00;11964.00;DEFAULT_EDGEDATA;0;15.40;0;4770;1108;0;0;5.13;4770;2.57;1.29;5215.95;25.89;0.89;524.65;1.09;0.00
0.00;11964.00;DEFAULT_EDGEDATA;0;103.00;0;3900;1110;0;0;34.33;3900;17.17;14.50;50377.75;3.16;0.11;44842.02;12.92;0.00
0.00;11964.00;DEFAULT_EDGEDATA;0;2.09;0;715;1111;0;0;1.04;715;0.52;1.60;1017.44;28.63;0.99;6.24;1.42;0.00
0.00;11964.00;DEFAULT_EDGEDATA;0;201.82;0;4915;1114;0;0;40.36;4915;20.18;55.14;258958.77;2.04;0.07;240622.60;52.69;0.00
0.00;11964.00;DEFAULT_EDGEDATA;1030;3.31;0;1030;1115;0;0;1.65;0;0.83;3.91;3831.27;26.02;0.90;361.80;3.72;0.00
0.00;11964.00;DEFAULT_EDGEDATA;0;9.88;0;3164;1116;0;0;4.94;3164;2.47;5.16;15745.70;26.77;0.92;1102.28;4.98;0.00
0.00;11964.00;DEFAULT_EDGEDATA;0;140.73;0;3756;1117;0;0;28.15;3756;14.07;59.28;214246.96;2.23;0.08;197615.15;57.04;0.00
0.00;11964.00;DEFAULT_EDGEDATA;0;15.50;0;4998;112;0;0;2.58;4998;1.29;2.13;9725.37;26.96;0.93;591.06;1.95;0.00
0.00;11964.00;DEFAULT_EDGEDATA;0;142.10;0;3900;1121;0;0;47.37;3900;23.68;16.17;54572.61;2.29;0.08;50225.72;13.99;0.00
0.00;11964.00;DEFAULT_EDGEDATA;0;142.08;0;3900;1122;0;0;47.36;3900;23.68;8.73;25532.17;2.29;0.08;23498.24;6.55;0.00
0.00;11964.00;DEFAULT_EDGEDATA;0;75.05;0;3900;1123;0;0;37.52;3900;18.76;8.42;28337.25;4.34;0.15;24063.56;7.27;0.00
0.00;11964.00;DEFAULT_EDGEDATA;0;12.14;0;3756;1124;0;0;12.14;3756;6.07;4.06;14537.67;25.87;0.89;1451.90;3.87;0.00
0.00;11964.00;DEFAULT_EDGEDATA;0;56.06;0;3756;1125;0;0;28.03;3756;14.02;10.64;36621.50;5.60;0.19;29485.09;9.75;0.00
0.00;11964.00;DEFAULT_EDGEDATA;0;12.04;0;3164;1126;0;0;6.02;3164;3.01;4.80;14456.61;21.96;0.76;3424.51;4.57;0.00
0.00;11964.00;DEFAULT_EDGEDATA;0;0.54;0;186;1127;0;0;0.54;186;0.27;2.56;443.05;28.79;0.99;0.02;2.38;0.00
0.00;11964.00;DEFAULT_EDGEDATA;0;10.52;0;3164;1128;0;0;5.26;3164;2.63;4.87;14772.72;25.14;0.87;1867.36;4.67;0.00
0.00;11964.00;DEFAULT_EDGEDATA;0;3.45;0;1060;1129;0;0;1.73;1060;0.86;3.47;3475.00;25.68;0.88;366.45;3.28;0.00
0.00;11964.00;DEFAULT_EDGEDATA;0;44.24;0;3896;1130;0;0;14.75;3896;7.37;5.39;18345.73;7.36;0.25;13653.04;4.71;0.00
0.00;11964.00;DEFAULT_EDGEDATA;0;7.73;0;2361;1131;0;0;7.73;2361;3.87;1.09;2105.13;25.52;0.88;237.23;0.89;0.00
0.00;11964.00;DEFAULT_EDGEDATA;0;1.30;0;444;1132;0;0;0.65;444;0.32;5.61;2411.87;28.65;0.99;8.54;5.43;0.00
0.00;11964.00;DEFAULT_EDGEDATA;0;11.49;0;3524;1133;0;0;2.87;3524;1.44;9.74;33634.80;25.63;0.88;3597.24;9.54;0.00
0.00;11964.00;DEFAULT_EDGEDATA;0;14.21;0;3445;1134;0;0;14.21;3445;7.11;2.19;6678.19;20.26;0.70;1970.83;1.94;0.00
0.00;11964.00;DEFAULT_EDGEDATA;0;3.57;0;1060;1137;0;0;3.57;1060;1.79;3.04;3009.42;24.79;0.85;410.23;2.84;0.00
0.00;11964.00;DEFAULT_EDGEDATA;0;0.29;0;100;1140;0;0;0.29;100;0.15;0.23;5.81;28.58;0.98;0.07;0.06;0.00
0.00;11964.00;DEFAULT_EDGEDATA;0;3.39;0;1060;1142;0;0;1.70;1060;0.85;0.61;446.35;26.12;0.90;40.20;0.42;0.00
0.00;11964.00;DEFAULT_EDGEDATA;0;4.69;0;1517;1143;0;0;2.34;1517;1.17;0.84;994.39;27.05;0.93;58.87;0.66;0.00
0.00;11964.00;DEFAULT_EDGEDATA;0;57.22;0;3896;1144;0;0;19.07;3896;9.54;7.60;26179.53;5.69;0.20;21002.04;6.72;0.00
0.00;11964.00;DEFAULT_EDGEDATA;0;3.14;0;1030;1145;0;0;1.05;1030;0.52;3.31;3222.90;27.44;0.94;145.30;3.13;0.00
0.00;11964.00;DEFAULT_EDGEDATA;0;128.58;3611;0;1148;0;0;64.29;3611;32.15;7.62;19829.29;2.35;0.08;18212.36;5.49;0.00
0.00;11964.00;DEFAULT_EDGEDATA;0;3.17;0;1030;1149;0;0;1.06;1030;0.53;1.77;1631.18;27.18;0.94;87.95;1.58;0.00
0.00;11964.00;DEFAULT_EDGEDATA;0;5.09;0;1647;115;0;0;2.55;1647;1.27;1.16;1600.48;27.02;0.93;99.42;0.97;0.00
0.00;11964.00;DEFAULT_EDGEDATA;0;6.05;0;1774;1153;0;0;6.05;1774;3.03;2.70;4424.84;24.50;0.84;656.86;2.49;0.00
0.00;11964.00;DEFAULT_EDGEDATA;0;5.97;0;1774;1155;0;0;5.97;1774;2.98;1.72;2685.52;24.84;0.85;366.18;1.51;0.00
0.00;11964.00;DEFAULT_EDGEDATA;0;189.74;0;4024;1156;0;0;47.43;4024;23.72;17.34;58408.12;1.77;0.06;54802.36;14.51;0.00
0.00;11964.00;DEFAULT_EDGEDATA;0;3.44;0;1060;1157;0;0;1.72;1060;0.86;1.18;1044.02;25.76;0.89;107.21;0.98;0.00
0.00;11964.00;DEFAULT_EDGEDATA;0;10.36;0;3445;116;0;0;2.59;3445;1.29;1.71;5274.98;27.80;0.96;174.89;1.53;0.00
0.00;11964.00;DEFAULT_EDGEDATA;0;1.36;0;444;1161;0;0;0.68;444;0.34;0.80;275.60;27.37;0.94;13.30;0.62;0.00
0.00;11964.00;DEFAULT_EDGEDATA;0;14.26;0;4770;1162;0;0;2.85;4770;1.43;1.09;4350.13;27.95;0.96;126.42;0.91;0.00
0.00;11964.00;DEFAULT_EDGEDATA;0;73.29;0;3900;1163;0;0;36.65;3900;18.32;9.04;30882.91;4.45;0.15;26113.53;7.92;0.00
0.00;11964.00;DEFAULT_EDGEDATA;0;3.31;0;1130;1164;0;0;1.10;1130;0.55;2.13;2209.70;28.58;0.98;12.95;1.96;0.00
0.00;11964.00;DEFAULT_EDGEDATA;0;110.89;0;3896;1166;0;0;27.72;3896;13.86;15.98;55639.65;2.94;0.10;49961.16;14.28;0.00
0.00;11964.00;DEFAULT_EDGEDATA;0;128.23;0;3900;1169;0;0;42.74;3900;21.37;9.88;30866.73;2.54;0.09;28142.19;7.91;0.00
0.00;11964.00;DEFAULT_EDGEDATA;0;3.21;0;1030;117;0;0;1.07;1030;0.53;1.45;1303.09;26.85;0.92;85.35;1.27;0.00
0.00;11964.00;DEFAULT_EDGEDATA;0;0.37;0;128;1170;0;0;0.12;128;0.06;1.09;117.53;28.61;0.98;0.02;0.92;0.00
0.00;11964.00;DEFAULT_EDGEDATA;0;54.62;0;1182;1171;0;0;54.62;1182;27.31;27.36;29075.31;1.81;0.06;27236.99;24.60;0.00
0.00;11964.00;DEFAULT_EDGEDATA;0;16.27;0;4770;1173;0;0;5.42;4770;2.71;1.47;6058.90;24.51;0.84;900.22;1.27;0.00
0.00;11964.00;DEFAULT_EDGEDATA;0;3.32;0;1060;1174;0;0;1.66;1060;0.83;1.03;890.74;26.67;0.92;63.26;0.84;0.00
0.00;11964.00;DEFAULT_EDGEDATA;0;6.90;0;2361;1175;0;0;2.30;2361;1.15;4.54;10313.24;28.62;0.98;48.01;4.37;0.00
0.00;11964.00;DEFAULT_EDGEDATA;0;119.95;0;3900;1176;0;0;39.98;3900;19.99;12.04;39767.49;2.72;0.09;36015.11;10.20;0.00
0.00;11964.00;DEFAULT_EDGEDATA;0;7.85;0;2241;1177;0;0;3.93;2241;1.96;1.11;2026.07;23.86;0.82;342.84;0.90;0.00
0.00;11964.00;DEFAULT_EDGEDATA;0;7.87;0;2241;1179;0;0;3.93;2241;1.97;1.87;3714.47;23.81;0.82;634.39;1.66;0.00
0.00;11964.00;DEFAULT_EDGEDATA;0;13.03;0;3896;118;0;0;13.03;3896;6.52;0.71;1997.64;24.98;0.86;260.02;0.51;0.00
0.00;11964.00;DEFAULT_EDGEDATA;0;4.91;0;1504;1180;0;0;2.46;1504;1.23;1.44;1876.48;25.60;0.88;203.79;1.25;0.00
0.00;11964.00;DEFAULT_EDGEDATA;0;3.30;0;1030;1182;0;0;1.65;1030;0.83;2.73;2611.74;26.06;0.90;243.21;2.54;0.00
0.00;11964.00;DEFAULT_EDGEDATA;0;113.54;0;3900;1184;0;0;37.85;3900;18.92;12.00;40019.12;2.87;0.10;36029.76;10.26;0.00
0.00;11964.00;DEFAULT_EDGEDATA;0;5.97;0;1774;1185;0;0;5.97;1774;2.98;0.73;933.45;24.84;0.85;127.50;0.53;0.00
0.00;11964.00;DEFAULT_EDGEDATA;0;4.58;0;1517;1188;0;0;2.29;1517;1.14;1.10;1399.89;27.71;0.95;50.69;0.92;0.00
0.00;11964.00;DEFAULT_EDGEDATA;0;1.34;0;444;119;0;0;0.67;444;0.33;1.11;413.11;27.72;0.95;14.93;0.93;0.00
0.00;11964.00;DEFAULT_EDGEDATA;0;4.92;0;1504;1191;0;0;2.46;1504;1.23;1.55;2031.43;25.56;0.88;223.62;1.35;0.00
0.00;11964.00;DEFAULT_EDGEDATA;0;4.19;0;1295;1193;0;0;2.09;1295;1.05;0.64;582.10;25.85;0.89;57.33;0.45;0.00
0.00;11964.00;DEFAULT_EDGEDATA;0;7.47;0;2229;1194;0;0;2.49;2229;1.24;1.07;1931.08;24.96;0.86;252.96;0.87;0.00
0.00;11964.00;DEFAULT_EDGEDATA;0;3.46;0;1060;1195;0;0;1.73;1060;0.86;0.90;742.50;25.61;0.88;80.07;0.70;0.00
0.00;11964.00;DEFAULT_EDGEDATA;0;11.40;0;3524;1196;0;0;2.85;3524;1.43;1.76;5508.05;25.83;0.89;551.21;1.56;0.00
0.00;11964.00;DEFAULT_EDGEDATA;0;16.96;0;4740;1197;0;0;3.39;4740;1.70;1.87;7856.09;23.36;0.80;1467.14;1.66;0.00
0.00;11964.00;DEFAULT_EDGEDATA;0;13.38;0;3524;1198;0;0;3.35;3524;1.67;1.96;6092.66;22.01;0.76;1420.63;1.73;0.00
0.00;11964.00;DEFAULT_EDGEDATA;0;197.32;0;3756;1199;0;0;49.33;3756;24.67;43.51;151608.55;1.59;0.05;143214.90;40.36;0.00
0.00;11964.00;DEFAULT_EDGEDATA;0;7.39;0;2229;12;0;0;2.46;2229;1.23;1.19;2200.61;25.21;0.87;268.69;0.99;0.00
0.00;11964.00;DEFAULT_EDGEDATA;0;115.69;0;3900;1200;0;0;38.56;3900;19.28;17.24;60306.11;2.82;0.10;54405.93;15.46;0.00
0.00;11964.00;DEFAULT_EDGEDATA;0;0.37;0;128;1201;0;0;0.37;128;0.19;0.60;53.91;28.61;0.98;0.02;0.42;0.00
0.00;11964.00;DEFAULT_EDGEDATA;0;11.70;0;3756;1202;0;0;3.90;3756;1.95;3.31;11723.12;26.83;0.92;776.99;3.12;0.00
0.00;11964.00;DEFAULT_EDGEDATA;0;114.62;0;3900;1204;0;0;38.21;3900;19.10;13.71;46626.15;2.84;0.10;42021.97;11.96;0.00
0.00;11964.00;DEFAULT_EDGEDATA;0;0.29;0;100;1205;0;0;0.29;100;0.15;0.27;9.45;28.57;0.98;0.11;0.09;0.00
0.00;11964.00;DEFAULT_EDGEDATA;0;184.04;0;3900;1206;0;0;46.01;3900;23.01;17.21;56104.38;1.77;0.06;52653.93;14.39;0.00
0.00;11964.00;DEFAULT_EDGEDATA;0;60.64;0;3445;1208;0;0;30.32;3445;15.16;10.59;32843.24;4.75;0.16;27418.02;9.53;0.00
0.00;11964.00;DEFAULT_EDGEDATA;0;0.09;0;32;1209;0;0;0.09;32;0.05;0.85;21.66;28.32;0.97;0.01;0.68;0.00
0.00;11964.00;DEFAULT_EDGEDATA;0;11.83;0;3524;121;0;0;2.96;3524;1.48;2.97;9769.44;24.90;0.86;1292.25;2.77;0.00
0.00;11964.00;DEFAULT_EDGEDATA;0;115.52;0;3900;1210;0;0;38.51;3900;19.25;17.58;61656.86;2.82;0.10;55615.87;15.81;0.00
0.00;11964.00;DEFAULT_EDGEDATA;0;4.21;0;1295;1213;0;0;2.11;1295;1.05;0.68;625.28;25.68;0.88;65.28;0.48;0.00
0.00;11964.00;DEFAULT_EDGEDATA;0;11.99;0;3896;1214;0;0;5.99;3896;3.00;0.94;2934.72;27.16;0.93;159.32;0.75;0.00
0.00;11964.00;DEFAULT_EDGEDATA;0;85.87;0;4024;1215;0;0;21.47;4024;10.73;16.33;60562.78;3.92;0.13;52301.53;15.05;0.00
0.00;11964.00;DEFAULT_EDGEDATA;0;3.32;0;1030;1218;0;0;1.11;1030;0.55;2.91;2797.26;25.89;0.89;276.37;2.72;0.00
0.00;11964.00;DEFAULT_EDGEDATA;0;1.34;0;444;1219;0;0;0.67;444;0.33;1.24;470.58;27.71;0.95;17.04;1.06;0.00
0.00;11964.00;DEFAULT_EDGEDATA;0;208.77;0;3756;122;0;0;52.19;3756;26.10;45.89;159876.48;1.50;0.05;151510.22;42.57;0.00
0.00;11964.00;DEFAULT_EDGEDATA;0;3.34;0;1060;123;0;0;1.67;1060;0.83;1.14;1004.34;26.54;0.91;75.68;0.95;0.00
0.00;11964.00;DEFAULT_EDGEDATA;0;10.17;0;3164;125;0;0;5.09;3164;2.54;1.31;3542.76;26.00;0.89;342.65;1.12;0.00
0.00;11964.00;DEFAULT_EDGEDATA;0;17.78;0;4938;127;0;0;2.96;4938;1.48;3.06;14023.39;23.21;0.80;2699.30;2.84;0.00
0.00;11964.00;DEFAULT_EDGEDATA;0;0.38;0;128;129;0;0;0.13;128;0.06;1.09;116.44;28.45;0.98;0.67;0.91;0.00
0.00;11964.00;DEFAULT_EDGEDATA;0;45.32;0;3896;13;0;0;22.66;3896;11.33;8.38;29923.76;7.19;0.25;22451.23;7.68;0.00
0.00;11964.00;DEFAULT_EDGEDATA;0;4.70;0;1517;130;0;0;2.35;1517;1.18;1.38;1808.25;26.96;0.93;112.30;1.19;0.00
0.00;11964.00;DEFAULT_EDGEDATA;0;1.36;0;444;131;0;0;0.68;444;0.34;1.91;765.41;27.19;0.94;41.58;1.72;0.00
0.00;11964.00;DEFAULT_EDGEDATA;0;12.59;0;3524;132;0;0;3.15;3524;1.57;2.45;7891.35;23.39;0.80;1460.98;2.24;0.00
0.00;11964.00;DEFAULT_EDGEDATA;0;63.14;0;1182;134;0;0;63.14;1182;31.57;32.45;34577.36;1.56;0.05;32686.13;29.25;0.00
0.00;11964.00;DEFAULT_EDGEDATA;0;0.37;0;128;138;0;0;0.37;128;0.19;0.41;30.43;28.61;0.98;0.02;0.24;0.00
0.00;11964.00;DEFAULT_EDGEDATA;0;7.55;0;2229;14;0;0;2.52;2229;1.26;1.09;1969.77;24.67;0.85;277.67;0.88;0.00
0.00;11964.00;DEFAULT_EDGEDATA;0;11.35;0;3896;140;0;0;5.68;3896;2.84;1.63;5671.68;28.69;0.99;6.69;1.46;0.00
0.00;11964.00;DEFAULT_EDGEDATA;0;1.90;0;629;141;0;0;1.90;629;0.95;0.66;304.16;27.65;0.95;13.11;0.48;0.00
0.00;11964.00;DEFAULT_EDGEDATA;1018;3.16;0;1018;142;0;0;3.16;0;1.58;2.47;2324.36;26.93;0.93;148.16;2.28;0.00
0.00;11964.00;DEFAULT_EDGEDATA;0;121.69;0;3996;146;0;0;30.42;3996;15.21;29.78;111722.29;2.74;0.09;101065.98;27.96;0.00
0.00;11964.00;DEFAULT_EDGEDATA;0;2.12;0;715;148;0;0;1.06;715;0.53;1.52;958.19;28.23;0.97;19.22;1.34;0.00
0.00;11964.00;DEFAULT_EDGEDATA;0;0.03;0;12;15;0;0;0.03;12;0.02;1.30;13.57;28.89;0.99;0.00;1.13;0.00
0.00;11964.00;DEFAULT_EDGEDATA;0;7.57;0;2229;150;0;0;2.52;2229;1.26;1.08;1960.76;24.60;0.85;281.08;0.88;0.00
0.00;11964.00;DEFAULT_EDGEDATA;0;1.35;0;444;151;0;0;0.68;444;0.34;0.80;272.18;27.47;0.95;12.20;0.61;0.00
0.00;11964.00;DEFAULT_EDGEDATA;0;114.87;0;3900;152;0;0;38.29;3900;19.15;16.90;59028.52;2.84;0.10;53212.33;15.14;0.00
0.00;11964.00;DEFAULT_EDGEDATA;0;50.88;0;3756;153;0;0;50.88;3756;25.44;8.31;28154.20;6.17;0.21;22109.17;7.50;0.00
0.00;11964.00;DEFAULT_EDGEDATA;0;28.32;0;8526;154;0;0;5.66;8526;2.83;1.73;13035.98;25.16;0.87;1633.04;1.53;0.00
0.00;11964.00;DEFAULT_EDGEDATA;0;167.55;0;3900;16;0;0;41.89;3900;20.94;7.73;20105.96;1.95;0.07;18747.77;5.16;0.00
0.00;11964.00;DEFAULT_EDGEDATA;0;11.34;0;3896;160;0;0;5.67;3896;2.83;0.89;2771.68;28.72;0.99;0.49;0.71;0.00
0.00;11964.00;DEFAULT_EDGEDATA;0;0.54;0;186;161;0;0;0.27;186;0.14;0.36;34.37;28.79;0.99;0.03;0.18;0.00
0.00;11964.00;DEFAULT_EDGEDATA;0;4.88;0;1517;162;0;0;2.44;1517;1.22;7.40;10934.60;25.98;0.89;1052.33;7.21;0.00
0.00;11964.00;DEFAULT_EDGEDATA;0;14.21;0;3445;164;0;0;14.21;3445;7.11;2.42;7490.92;20.26;0.70;2210.71;2.17;0.00
0.00;11964.00;DEFAULT_EDGEDATA;0;11.89;0;3524;166;0;0;2.97;3524;1.49;1.86;5857.26;24.76;0.85;803.37;1.66;0.00
0.00;11964.00;DEFAULT_EDGEDATA;0;16.69;0;4938;167;0;0;2.78;4938;1.39;4.57;21591.33;24.73;0.85;3009.85;4.37;0.00
0.00;11964.00;DEFAULT_EDGEDATA;0;16.54;0;4938;168;0;0;2.76;4938;1.38;3.93;18394.13;24.95;0.86;2425.98;3.73;0.00
0.00;11964.00;DEFAULT_EDGEDATA;0;0.09;0;32;169;0;0;0.02;32;0.01;1.97;57.52;28.32;0.97;0.00;1.80;0.00
0.00;11964.00;DEFAULT_EDGEDATA;0;10.40;0;3164;17;0;0;5.20;3164;2.60;0.99;2509.88;25.43;0.87;292.58;0.79;0.00
0.00;11964.00;DEFAULT_EDGEDATA;0;7.68;0;2241;170;0;0;2.56;2241;1.28;1.08;1968.72;24.38;0.84;297.22;0.88;0.00
0.00;11964.00;DEFAULT_EDGEDATA;0;0.37;0;128;171;0;0;0.37;128;0.19;0.45;35.43;28.61;0.98;0.02;0.28;0.00
0.00;11964.00;DEFAULT_EDGEDATA;0;3.38;0;1060;173;0;0;1.69;1060;0.85;0.63;465.99;26.20;0.90;40.65;0.44;0.00
0.00;11964.00;DEFAULT_EDGEDATA;0;121.66;0;3896;177;0;0;30.42;3896;15.21;30.34;110941.45;2.68;0.09;100621.42;28.48;0.00
0.00;11964.00;DEFAULT_EDGEDATA;0;56.13;0;3756;178;0;0;28.06;3756;14.03;37.98;139290.33;5.59;0.19;112179.83;37.08;0.00
0.00;11964.00;DEFAULT_EDGEDATA;0;4.92;0;1504;179;0;0;2.46;1504;1.23;2.25;3095.93;25.53;0.88;343.85;2.06;0.00
0.00;11964.00;DEFAULT_EDGEDATA;0;3.22;0;1030;18;0;0;1.07;1030;0.54;1.10;943.94;26.70;0.92;66.78;0.92;0.00
0.00;11964.00;DEFAULT_EDGEDATA;0;16.55;0;4998;181;0;0;2.76;4998;1.38;5.94;28722.36;25.24;0.87;3462.06;5.75;0.00
0.00;11964.00;DEFAULT_EDGEDATA;0;96.45;0;3900;182;0;0;24.11;3900;12.06;7.72;24324.07;3.38;0.12;21469.51;6.24;0.00
0.00;11964.00;DEFAULT_EDGEDATA;0;149.41;0;3756;183;0;0;37.35;3756;18.68;37.20;130797.12;2.10;0.07;121233.69;34.82;0.00
0.00;11964.00;DEFAULT_EDGEDATA;0;5.35;0;1647;184;0;0;1.78;1647;0.89;6.92;11070.85;25.72;0.89;1151.36;6.72;0.00
0.00;11964.00;DEFAULT_EDGEDATA;0;2.10;0;715;185;0;0;1.05;715;0.53;1.99;1297.15;28.45;0.98;16.12;1.81;0.00
0.00;11964.00;DEFAULT_EDGEDATA;0;138.25;0;5082;186;0;0;34.56;5082;17.28;20.26;94691.29;3.07;0.11;84572.93;18.63;0.00
0.00;11964.00;DEFAULT_EDGEDATA;0;15.92;4998;0;188;0;0;2.65;4998;1.33;2.31;10595.41;26.24;0.90;909.13;2.12;0.00
0.00;11964.00;DEFAULT_EDGEDATA;0;0.37;0;128;190;0;0;0.37;128;0.19;0.48;38.79;28.61;0.98;0.01;0.30;0.00
0.00;11964.00;DEFAULT_EDGEDATA;0;183.77;0;3756;191;0;0;45.94;3756;22.97;74.54;268962.61;1.71;0.06;252973.73;71.61;0.00
0.00;11964.00;DEFAULT_EDGEDATA;0;4.81;0;1517;194;0;0;2.40;1517;1.20;2.02;2774.52;26.37;0.91;229.47;1.83;0.00
0.00;11964.00;DEFAULT_EDGEDATA;0;152.28;0;3900;195;0;0;38.07;3900;19.03;8.01;22135.29;2.14;0.07;20490.03;5.68;0.00
0.00;11964.00;DEFAULT_EDGEDATA;0;4.06;0;1295;196;0;0;2.03;1295;1.01;1.92;2248.38;26.67;0.92;156.79;1.74;0.00
0.00;11964.00;DEFAULT_EDGEDATA;0;3.28;0;1030;198;0;0;1.09;1030;0.55;1.91;1768.75;26.24;0.90;153.43;1.72;0.00
0.00;11964.00;DEFAULT_EDGEDATA;0;0.54;0;186;2;0;0;0.27;186;0.13;3.98;707.16;28.79;0.99;0.02;3.80;0.00
0.00;11964.00;DEFAULT_EDGEDATA;0;7.62;0;2229;203;0;0;2.54;2229;1.27;1.98;3949.29;24.46;0.84;585.21;1.77;0.00
0.00;11964.00;DEFAULT_EDGEDATA;0;128.68;0;3900;208;0;0;42.89;3900;21.45;9.45;29143.90;2.53;0.09;26580.51;7.47;0.00
0.00;11964.00;DEFAULT_EDGEDATA;0;1.36;0;444;209;0;0;0.68;444;0.34;1.07;392.53;27.35;0.94;19.21;0.88;0.00
0.00;11964.00;DEFAULT_EDGEDATA;0;97.77;0;3900;21;0;0;32.59;3900;16.30;26.35;96901.18;3.33;0.11;85683.03;24.85;0.00
0.00;11964.00;DEFAULT_EDGEDATA;0;0.09;0;30;210;0;0;0.04;30;0.02;0.84;20.07;28.87;0.99;0.08;0.67;0.00
0.00;11964.00;DEFAULT_EDGEDATA;0;12.45;0;3968;212;0;0;2.08;3968;1.04;1.77;6259.31;26.64;0.92;451.00;1.58;0.00
0.00;11964.00;DEFAULT_EDGEDATA;0;4.14;0;1295;213;0;0;2.07;1295;1.04;9.24;11715.60;26.12;0.90;1041.88;9.05;0.00
0.00;11964.00;DEFAULT_EDGEDATA;0;75.63;0;3928;214;0;0;18.91;3928;9.45;7.75;25931.99;4.34;0.15;22011.60;6.60;0.00
0.00;11964.00;DEFAULT_EDGEDATA;0;12.06;0;3896;217;0;0;4.02;3896;2.01;2.68;9731.39;27.01;0.93;579.61;2.50;0.00
0.00;11964.00;DEFAULT_EDGEDATA;0;55.55;0;3445;22;0;0;27.78;3445;13.89;4.41;11884.10;5.18;0.18;9741.34;3.45;0.00
0.00;11964.00;DEFAULT_EDGEDATA;0;11.82;0;3756;220;0;0;3.94;3756;1.97;2.07;7063.42;26.56;0.91;535.06;1.88;0.00
0.00;11964.00;DEFAULT_EDGEDATA;0;97.40;0;3900;223;0;0;32.47;3900;16.23;78.72;301201.00;3.35;0.12;266197.88;77.23;0.00
0.00;11964.00;DEFAULT_EDGEDATA;0;7.58;0;2361;224;0;0;2.53;2361;1.26;8.33;19221.37;26.02;0.90;1825.66;8.14;0.00
0.00;11964.00;DEFAULT_EDGEDATA;0;0.37;0;128;225;0;0;0.37;128;0.19;0.50;41.70;28.61;0.98;0.01;0.33;0.00
0.00;11964.00;DEFAULT_EDGEDATA;0;1.35;0;444;226;0;0;0.67;444;0.34;1.33;510.59;27.50;0.95;22.24;1.15;0.00
0.00;11964.00;DEFAULT_EDGEDATA;0;3.65;0;1030;227;0;0;1.83;1030;0.91;1.53;1362.19;23.56;0.81;245.21;1.32;0.00
0.00;11964.00;DEFAULT_EDGEDATA;0;2.13;0;715;228;0;0;1.06;715;0.53;1.06;628.73;28.10;0.97;15.44;0.88;0.00
0.00;11964.00;DEFAULT_EDGEDATA;0;11.42;0;3756;232;0;0;11.42;3756;5.71;4.20;15109.67;27.49;0.95;655.54;4.02;0.00
0.00;11964.00;DEFAULT_EDGEDATA;0;0.29;0;100;233;0;0;0.07;100;0.04;4.29;411.59;28.84;0.99;0.35;4.12;0.00
0.00;11964.00;DEFAULT_EDGEDATA;0;59.73;0;3896;234;0;0;29.86;3896;14.93;11.73;42117.56;5.45;0.19;34137.17;10.81;0.00
0.00;11964.00;DEFAULT_EDGEDATA;0;19.70;0;5124;236;0;0;3.28;5124;1.64;3.62;17387.69;21.74;0.75;4238.30;3.39;0.00
0.00;11964.00;DEFAULT_EDGEDATA;0;3.20;0;1030;238;0;0;1.07;1030;0.53;3.14;3045.45;26.88;0.93;195.85;2.96;0.00
0.00;11964.00;DEFAULT_EDGEDATA;0;47.22;0;3445;239;0;0;23.61;3445;11.80;11.83;37937.42;6.10;0.21;29888.97;11.01;0.00
0.00;11964.00;DEFAULT_EDGEDATA;0;0.09;30;0;241;0;0;0.04;30;0.02;0.65;14.20;28.98;1.00;0.00;0.47;0.00
0.00;11964.00;DEFAULT_EDGEDATA;0;2.09;0;715;245;0;0;1.05;715;0.52;1.86;1203.40;28.56;0.98;10.25;1.68;0.00
0.00;11964.00;DEFAULT_EDGEDATA;0;55.58;1182;0;246;0;0;55.58;1182;27.79;12.27;11176.99;1.78;0.06;10482.40;9.46;0.00
0.00;11964.00;DEFAULT_EDGEDATA;0;12.57;0;715;247;0;0;6.28;715;3.14;25.12;17209.00;4.76;0.16;14367.82;24.07;0.00
0.00;11964.00;DEFAULT_EDGEDATA;0;0.37;0;128;249;0;0;0.37;128;0.19;0.53;45.37;28.61;0.98;0.02;0.35;0.00
0.00;11964.00;DEFAULT_EDGEDATA;0;0.37;0;128;25;0;0;0.37;128;0.19;0.56;49.70;28.61;0.98;0.01;0.39;0.00
0.00;11964.00;DEFAULT_EDGEDATA;0;253.82;0;4915;250;0;0;50.76;4915;25.38;47.72;219372.10;1.62;0.06;207021.54;44.63;0.00
0.00;11964.00;DEFAULT_EDGEDATA;0;2.12;0;714;251;0;0;1.06;714;0.53;2.19;1434.33;28.12;0.97;36.92;2.01;0.00
0.00;11964.00;DEFAULT_EDGEDATA;0;4.20;0;1295;252;0;0;2.10;1295;1.05;0.62;550.80;25.74;0.89;56.29;0.43;0.00
0.00;11964.00;DEFAULT_EDGEDATA;0;15.37;0;4740;254;0;0;3.07;4740;1.54;2.79;12289.63;25.78;0.89;1259.07;2.59;0.00
0.00;11964.00;DEFAULT_EDGEDATA;0;4.80;0;1517;255;0;0;2.40;1517;1.20;1.01;1247.76;26.44;0.91;100.09;0.82;0.00
0.00;11964.00;DEFAULT_EDGEDATA;0;0.54;0;186;257;0;0;0.54;186;0.27;3.09;542.61;28.53;0.98;4.99;2.92;0.00
0.00;11964.00;DEFAULT_EDGEDATA;0;0.03;0;12;258;0;0;0.02;12;0.01;1.36;14.19;28.89;0.99;0.00;1.18;0.00
0.00;11964.00;DEFAULT_EDGEDATA;0;264.31;0;4915;259;0;0;52.86;4915;26.43;20.42;84558.74;1.55;0.05;79987.36;17.20;3653.64
0.00;11964.00;DEFAULT_EDGEDATA;0;3.38;0;1060;260;0;0;1.69;1060;0.84;1.94;1855.35;26.23;0.90;160.07;1.75;0.00
0.00;11964.00;DEFAULT_EDGEDATA;0;16.21;0;4938;261;0;0;2.70;4938;1.35;2.26;10213.74;25.46;0.88;1166.32;2.07;0.00
0.00;11964.00;DEFAULT_EDGEDATA;0;4.63;0;1517;262;0;0;2.32;1517;1.16;0.84;1000.89;27.37;0.94;47.99;0.66;0.00
0.00;11964.00;DEFAULT_EDGEDATA;0;7.47;0;2241;264;0;0;2.49;2241;1.24;1.06;1929.17;25.09;0.86;243.64;0.86;0.00
0.00;11964.00;DEFAULT_EDGEDATA;0;42.71;0;3896;265;0;0;14.24;3896;7.12;5.11;17357.15;7.62;0.26;12757.99;4.46;0.00
0.00;11964.00;DEFAULT_EDGEDATA;0;0.29;0;100;269;0;0;0.15;100;0.07;0.87;69.57;28.60;0.98;0.64;0.70;0.00
0.00;11964.00;DEFAULT_EDGEDATA;0;0.37;0;128;27;0;0;0.12;128;0.06;1.14;123.98;28.57;0.98;0.20;0.97;0.00
0.00;11964.00;DEFAULT_EDGEDATA;0;115.97;0;3996;270;0;0;28.99;3996;14.50;26.24;97915.84;2.88;0.10;88116.36;24.50;0.00
0.00;11964.00;DEFAULT_EDGEDATA;0;30.66;0;3900;272;0;0;30.66;3900;15.33;2.69;8641.75;10.63;0.37;5451.29;2.22;0.00
0.00;11964.00;DEFAULT_EDGEDATA;0;3.47;0;1060;274;0;0;1.73;1060;0.87;0.89;736.79;25.57;0.88;80.64;0.70;0.00
0.00;11964.00;DEFAULT_EDGEDATA;0;49.92;0;2746;276;0;0;12.48;2746;6.24;4.30;8826.38;4.60;0.23;6788.45;3.21;0.00
0.00;11964.00;DEFAULT_EDGEDATA;0;17.56;0;2241;277;0;0;4.39;2241;2.19;4.86;9830.24;10.67;0.53;4555.39;4.39;0.00
0.00;11964.00;DEFAULT_EDGEDATA;0;11.57;0;3524;278;0;0;2.89;3524;1.45;2.23;7151.09;25.45;0.88;809.16;2.03;0.00
0.00;11964.00;DEFAULT_EDGEDATA;0;3.32;0;1060;279;0;0;1.66;1060;0.83;1.23;1102.02;26.69;0.92;77.36;1.04;0.00
0.00;11964.00;DEFAULT_EDGEDATA;0;8.84;0;2241;281;0;0;2.95;2241;1.47;2.63;5372.39;21.18;0.73;1410.49;2.40;0.00
0.00;11964.00;DEFAULT_EDGEDATA;0;7.13;0;2229;283;0;0;2.38;2229;1.19;1.20;2257.43;26.14;0.90;202.89;1.01;0.00
0.00;11964.00;DEFAULT_EDGEDATA;0;65.75;0;3900;284;0;0;32.88;3900;16.44;17.18;63049.64;4.96;0.17;52195.75;16.17;0.00
0.00;11964.00;DEFAULT_EDGEDATA;0;1.35;0;444;287;0;0;0.68;444;0.34;3.69;1556.78;27.46;0.94;70.17;3.51;0.00
0.00;11964.00;DEFAULT_EDGEDATA;0;117.25;0;6920;289;0;0;29.31;6920;14.66;19.63;128803.96;4.93;0.17;106708.58;18.61;0.00
0.00;11964.00;DEFAULT_EDGEDATA;0;4.21;0;1295;29;0;0;2.11;1295;1.05;0.62;552.06;25.69;0.88;57.54;0.43;0.00
0.00;11964.00;DEFAULT_EDGEDATA;0;2.07;0;715;290;0;0;1.04;715;0.52;4.02;2752.12;28.80;0.99;0.09;3.85;0.00
0.00;11964.00;DEFAULT_EDGEDATA;0;23.38;0;4770;291;0;0;7.79;4770;3.90;4.90;21973.25;17.05;0.59;8956.10;4.61;0.00
0.00;11964.00;DEFAULT_EDGEDATA;0;102.62;0;3900;296;0;0;34.21;3900;17.10;25.73;94207.86;3.18;0.11;83817.12;24.16;0.00
0.00;11964.00;DEFAULT_EDGEDATA;0;12.05;0;3524;299;0;0;3.01;3524;1.51;1.96;6201.64;24.45;0.84;919.35;1.76;0.00
0.00;11964.00;DEFAULT_EDGEDATA;0;7.37;0;2229;3;0;0;2.46;2229;1.23;6.55;14163.84;25.29;0.87;1688.66;6.35;0.00
0.00;11964.00;DEFAULT_EDGEDATA;0;11.90;0;3756;30;0;0;3.97;3756;1.98;1.60;5293.64;26.38;0.91;434.35;1.41;0.00
0.00;11964.00;DEFAULT_EDGEDATA;0;7.84;0;2241;301;0;0;3.92;2241;1.96;1.05;1881.65;23.90;0.82;315.48;0.84;0.00
0.00;11964.00;DEFAULT_EDGEDATA;0;3.39;0;1060;302;0;0;1.69;1060;0.85;0.56;395.82;26.16;0.90;35.09;0.37;0.00
0.00;11964.00;DEFAULT_EDGEDATA;0;14.61;0;3900;303;0;0;14.61;3900;7.30;0.51;1116.87;22.31;0.77;251.65;0.29;0.00
0.00;11964.00;DEFAULT_EDGEDATA;0;122.82;0;3900;304;0;0;40.94;3900;20.47;10.80;34782.46;2.65;0.09;31577.18;8.92;0.00
0.00;11964.00;DEFAULT_EDGEDATA;0;3.25;0;1030;306;0;0;1.08;1030;0.54;3.31;3218.65;26.49;0.91;250.73;3.12;0.00
0.00;11964.00;DEFAULT_EDGEDATA;0;60.97;0;3896;307;0;0;15.24;3896;7.62;13.99;50875.07;5.34;0.18;41412.38;13.06;0.00
0.00;11964.00;DEFAULT_EDGEDATA;0;10.32;0;3164;310;0;0;5.16;3164;2.58;1.88;5346.54;25.62;0.88;587.50;1.69;0.00
0.00;11964.00;DEFAULT_EDGEDATA;0;18.11;0;5124;317;0;0;3.02;5124;1.51;28.41;144490.81;23.65;0.81;25593.62;28.20;0.00
0.00;11964.00;DEFAULT_EDGEDATA;0;1.31;0;444;318;0;0;0.66;444;0.33;2.50;1031.99;28.30;0.97;16.13;2.32;0.00
0.00;11964.00;DEFAULT_EDGEDATA;0;7.33;0;2229;319;0;0;2.44;2229;1.22;1.04;1871.99;25.42;0.87;214.84;0.84;0.00
0.00;11964.00;DEFAULT_EDGEDATA;0;3.39;0;1060;32;0;0;1.70;1060;0.85;0.53;355.30;26.13;0.90;31.88;0.34;0.00
0.00;11964.00;DEFAULT_EDGEDATA;0;0.09;0;30;320;0;0;0.04;30;0.02;1.72;46.25;28.60;0.98;0.61;1.54;0.00
0.00;11964.00;DEFAULT_EDGEDATA;0;55.63;0;3896;322;0;0;18.54;3896;9.27;7.31;25143.39;5.85;0.20;20028.20;6.45;0.00
0.00;11964.00;DEFAULT_EDGEDATA;0;5.15;0;1647;323;0;0;2.57;1647;1.29;2.82;4330.00;26.74;0.92;310.77;2.63;0.00
0.00;11964.00;DEFAULT_EDGEDATA;0;27.79;0;8526;324;0;0;5.56;8526;2.78;2.07;15980.30;25.65;0.88;1731.81;1.87;0.00
0.00;11964.00;DEFAULT_EDGEDATA;0;7.33;0;2229;325;0;0;2.44;2229;1.22;1.21;2266.90;25.42;0.87;260.47;1.02;0.00
0.00;11964.00;DEFAULT_EDGEDATA;0;111.16;0;3900;326;0;0;37.05;3900;18.53;11.36;37664.68;2.93;0.10;33829.76;9.66;0.00
0.00;11964.00;DEFAULT_EDGEDATA;0;3.28;0;1030;328;0;0;1.09;1030;0.55;1.21;1045.44;26.24;0.90;90.83;1.01;0.00
0.00;11964.00;DEFAULT_EDGEDATA;0;0.03;0;12;329;0;0;0.02;12;0.01;2.30;25.55;28.89;0.99;0.00;2.13;0.00
0.00;11964.00;DEFAULT_EDGEDATA;0;104.75;0;3900;33;0;0;34.92;3900;17.46;17.48;61911.32;3.11;0.11;55221.68;15.87;0.00
0.00;11964.00;DEFAULT_EDGEDATA;0;1.35;0;444;332;0;0;0.68;444;0.34;0.91;324.22;27.42;0.94;15.14;0.73;0.00
0.00;11964.00;DEFAULT_EDGEDATA;0;0.03;0;12;337;0;0;0.02;12;0.01;2.56;28.65;28.89;0.99;0.00;2.39;0.00
0.00;11964.00;DEFAULT_EDGEDATA;0;1.42;0;488;338;0;0;0.71;488;0.35;0.71;261.81;28.76;0.99;0.06;0.54;0.00
0.00;11964.00;DEFAULT_EDGEDATA;0;193.37;0;4915;339;0;0;38.67;4915;19.34;51.17;239955.24;2.12;0.07;222222.54;48.82;0.00
0.00;11964.00;DEFAULT_EDGEDATA;0;152.90;0;4915;341;0;0;30.58;4915;15.29;42.20;198244.81;2.69;0.09;179717.08;40.33;0.00
0.00;11964.00;DEFAULT_EDGEDATA;0;4.65;0;1517;342;0;0;2.33;1517;1.16;0.94;1152.33;27.26;0.94;59.57;0.76;0.00
0.00;11964.00;DEFAULT_EDGEDATA;0;3.28;0;1030;343;0;0;1.09;1030;0.55;7.35;7377.56;26.27;0.90;632.23;7.16;0.00
0.00;11964.00;DEFAULT_EDGEDATA;0;64.74;0;1182;344;0;0;64.74;1182;32.37;41.73;45448.26;1.53;0.05;43023.57;38.45;0.00
0.00;11964.00;DEFAULT_EDGEDATA;0;7.43;0;2241;345;0;0;2.48;2241;1.24;1.08;1978.62;25.21;0.87;241.59;0.88;0.00
0.00;11964.00;DEFAULT_EDGEDATA;0;48.39;0;3896;346;0;0;48.39;3896;24.20;4.94;16366.89;6.73;0.23;12531.59;4.20;0.00
0.00;11964.00;DEFAULT_EDGEDATA;0;0.37;0;128;347;0;0;0.12;128;0.06;0.82;82.59;28.61;0.98;0.02;0.65;0.00
0.00;11964.00;DEFAULT_EDGEDATA;0;104.74;0;3900;350;0;0;34.91;3900;17.46;13.49;46327.26;3.11;0.11;41320.94;11.88;0.00
0.00;11964.00;DEFAULT_EDGEDATA;0;1.37;0;444;351;0;0;0.69;444;0.34;1.04;380.09;27.07;0.93;22.37;0.86;0.00
0.00;11964.00;DEFAULT_EDGEDATA;0;5.96;0;1774;353;0;0;5.96;1774;2.98;0.72;912.17;24.87;0.86;123.48;0.51;0.00
0.00;11964.00;DEFAULT_EDGEDATA;0;77.64;0;3900;355;0;0;25.88;3900;12.94;32.59;122475.68;4.20;0.14;104619.19;31.40;0.00
0.00;11964.00;DEFAULT_EDGEDATA;0;7.52;0;2229;356;0;0;2.51;2229;1.25;1.10;2000.95;24.76;0.85;275.47;0.90;0.00
0.00;11964.00;DEFAULT_EDGEDATA;0;7.08;0;2361;357;0;0;2.36;2361;1.18;3.21;7154.92;27.87;0.96;220.06;3.03;0.00
0.00;11964.00;DEFAULT_EDGEDATA;0;3.38;0;1060;359;0;0;1.69;1060;0.85;0.53;363.37;26.20;0.90;31.82;0.34;0.00
0.00;11964.00;DEFAULT_EDGEDATA;0;1.34;0;444;36;0;0;0.67;444;0.33;1.16;433.32;27.76;0.96;14.98;0.98;0.00
0.00;11964.00;DEFAULT_EDGEDATA;0;87.35;0;3900;361;0;0;43.68;3900;21.84;7.52;24110.69;3.73;0.13;20986.63;6.18;0.00
0.00;11964.00;DEFAULT_EDGEDATA;0;42.01;3896;0;362;0;0;14.00;3896;7.00;3.18;9885.38;7.75;0.27;7222.39;2.54;0.00
0.00;11964.00;DEFAULT_EDGEDATA;0;44.98;0;3896;363;0;0;14.99;3896;7.50;5.53;18861.59;7.24;0.25;14116.15;4.84;0.00
0.00;11964.00;DEFAULT_EDGEDATA;0;74.49;0;3900;364;0;0;18.62;3900;9.31;9.11;31066.74;4.38;0.15;26346.08;7.97;0.00
0.00;11964.00;DEFAULT_EDGEDATA;0;11.82;0;3756;365;0;0;3.94;3756;1.97;1.59;5247.75;26.56;0.91;397.61;1.40;0.00
0.00;11964.00;DEFAULT_EDGEDATA;0;1.33;0;444;366;0;0;0.66;444;0.33;2.08;845.76;27.95;0.96;23.56;1.90;0.00
0.00;11964.00;DEFAULT_EDGEDATA;0;10.43;0;3164;367;0;0;5.22;3164;2.61;1.89;5342.84;25.35;0.87;636.56;1.69;0.00
0.00;11964.00;DEFAULT_EDGEDATA;0;1.42;0;488;368;0;0;0.71;488;0.35;0.76;288.28;28.76;0.99;0.06;0.59;0.00
0.00;11964.00;DEFAULT_EDGEDATA;0;70.51;0;4384;369;0;0;17.63;4384;8.81;58.58;252596.45;5.20;0.18;206970.58;57.62;0.00
0.00;11964.00;DEFAULT_EDGEDATA;0;3.29;0;1130;37;0;0;1.10;1130;0.55;1.56;1569.96;28.69;0.99;3.04;1.39;0.00
0.00;11964.00;DEFAULT_EDGEDATA;0;0.29;0;100;372;0;0;0.14;100;0.07;1.75;157.99;28.86;0.99;0.01;1.58;0.00
0.00;11964.00;DEFAULT_EDGEDATA;0;1.35;0;444;374;0;0;0.67;444;0.34;3.04;1268.72;27.57;0.95;52.33;2.86;0.00
0.00;11964.00;DEFAULT_EDGEDATA;0;12.02;0;3524;375;0;0;3.01;3524;1.50;1.95;6154.42;24.50;0.84;901.60;1.75;0.00
0.00;11964.00;DEFAULT_EDGEDATA;0;0.03;0;12;376;0;0;0.03;12;0.02;1.17;11.98;28.89;0.99;0.00;1.00;0.00
0.00;11964.00;DEFAULT_EDGEDATA;3756;12.07;0;3756;377;0;0;4.02;0;2.01;6.67;24318.32;26.01;0.90;2307.02;6.47;0.00
0.00;11964.00;DEFAULT_EDGEDATA;0;11.93;0;488;378;0;0;5.96;488;2.98;5.71;2072.20;3.42;0.12;1825.88;4.25;0.00
0.00;11964.00;DEFAULT_EDGEDATA;0;1.42;0;488;38;0;0;0.71;488;0.35;0.75;281.50;28.76;0.99;0.07;0.58;0.00
0.00;11964.00;DEFAULT_EDGEDATA;0;122.38;0;3928;381;0;0;30.59;3928;15.30;21.16;75811.68;2.68;0.09;68728.49;19.30;0.00
0.00;11964.00;DEFAULT_EDGEDATA;0;2.08;0;715;386;0;0;1.04;715;0.52;2.43;1615.03;28.80;0.99;0.38;2.26;0.00
0.00;11964.00;DEFAULT_EDGEDATA;0;57.15;0;3896;387;0;0;19.05;3896;9.53;7.68;26502.64;5.70;0.20;21254.73;6.80;0.00
0.00;11964.00;DEFAULT_EDGEDATA;0;82.89;0;3756;388;0;0;41.45;3756;20.72;8.85;28284.54;3.79;0.13;24556.89;7.53;0.00
0.00;11964.00;DEFAULT_EDGEDATA;0;1.86;0;629;389;0;0;1.86;629;0.93;0.51;211.13;28.33;0.97;4.13;0.34;0.00
0.00;11964.00;DEFAULT_EDGEDATA;0;0.09;0;32;39;0;0;0.09;32;0.05;1.83;52.94;28.32;0.97;0.00;1.65;0.00
0.00;11964.00;DEFAULT_EDGEDATA;0;3.38;0;1060;390;0;0;1.69;1060;0.85;0.50;329.65;26.17;0.90;29.12;0.31;0.00
0.00;11964.00;DEFAULT_EDGEDATA;0;0.54;0;186;391;0;0;0.27;186;0.13;0.47;54.59;28.79;0.99;0.02;0.29;0.00
0.00;11964.00;DEFAULT_EDGEDATA;0;45.32;0;3391;392;0;0;22.66;3391;11.33;9.48;29449.19;6.25;0.22;23042.79;8.68;0.00
0.00;11964.00;DEFAULT_EDGEDATA;0;62.93;0;2746;393;0;0;15.73;2746;7.87;14.20;35235.01;3.65;0.18;28781.62;12.83;0.00
0.00;11964.00;DEFAULT_EDGEDATA;0;0.03;12;0;396;0;0;0.03;12;0.02;1.36;14.30;28.89;0.99;0.00;1.19;0.00
0.00;11964.00;DEFAULT_EDGEDATA;0;4.18;0;1295;399;0;0;2.09;1295;1.04;0.63;559.99;25.90;0.89;54.19;0.43;0.00
0.00;11964.00;DEFAULT_EDGEDATA;0;98.00;0;3900;4;0;0;32.67;3900;16.33;53.52;202855.29;3.33;0.11;179425.01;52.01;0.00
0.00;11964.00;DEFAULT_EDGEDATA;0;0.03;0;12;40;0;0;0.02;12;0.01;1.00;9.96;28.89;0.99;0.00;0.83;0.00
0.00;11964.00;DEFAULT_EDGEDATA;0;4.67;0;1517;400;0;0;2.33;1517;1.17;0.92;1114.47;27.17;0.93;61.28;0.73;0.00
0.00;11964.00;DEFAULT_EDGEDATA;0;3.58;0;1060;401;0;0;3.58;1060;1.79;1.39;1256.36;24.78;0.85;171.73;1.19;0.00
0.00;11964.00;DEFAULT_EDGEDATA;0;11.80;0;3524;402;0;0;2.95;3524;1.48;5.98;20382.56;24.96;0.86;2659.30;5.78;0.00
0.00;11964.00;DEFAULT_EDGEDATA;0;71.34;0;3756;403;0;0;35.67;3756;17.84;8.79;28738.88;4.40;0.15;24338.10;7.65;0.00
0.00;11964.00;DEFAULT_EDGEDATA;0;178.91;0;4471;405;0;0;44.73;4471;22.36;43.72;184763.21;2.09;0.07;171338.27;41.32;0.00
0.00;11964.00;DEFAULT_EDGEDATA;0;4.17;0;1295;406;0;0;2.09;1295;1.04;0.63;561.36;25.93;0.89;53.75;0.43;0.00
0.00;11964.00;DEFAULT_EDGEDATA;0;9.96;0;3164;407;0;0;2.49;3164;1.25;1.86;5293.27;26.54;0.91;403.12;1.67;0.00
0.00;11964.00;DEFAULT_EDGEDATA;0;116.93;0;3900;408;0;0;38.98;3900;19.49;14.36;49020.67;2.79;0.10;44275.64;12.57;0.00
0.00;11964.00;DEFAULT_EDGEDATA;0;130.40;0;7635;409;0;0;32.60;7635;16.30;12.81;89999.59;4.89;0.17;74685.33;11.79;0.00
0.00;11964.00;DEFAULT_EDGEDATA;0;3.28;0;1030;41;0;0;1.09;1030;0.55;1.57;1422.71;26.22;0.90;124.66;1.38;0.00
0.00;11964.00;DEFAULT_EDGEDATA;0;4.77;0;1517;411;0;0;2.39;1517;1.19;0.91;1087.43;26.56;0.91;82.78;0.72;0.00
0.00;11964.00;DEFAULT_EDGEDATA;0;9.53;0;3164;414;0;0;2.38;3164;1.19;2.04;5882.75;27.76;0.96;197.42;1.86;0.00
0.00;11964.00;DEFAULT_EDGEDATA;0;10.06;0;3164;416;0;0;5.03;3164;2.52;1.50;4148.13;26.28;0.90;359.88;1.31;0.00
0.00;11964.00;DEFAULT_EDGEDATA;0;0.54;0;186;417;0;0;0.27;186;0.13;0.42;46.70;28.79;0.99;0.02;0.25;0.00
0.00;11964.00;DEFAULT_EDGEDATA;0;10.02;0;3445;418;0;0;2.50;3445;1.25;2.28;7256.66;28.75;0.99;0.69;2.11;0.00
0.00;11964.00;DEFAULT_EDGEDATA;0;3.39;0;1060;419;0;0;1.70;1060;0.85;0.73;574.60;26.10;0.90;52.14;0.54;0.00
0.00;11964.00;DEFAULT_EDGEDATA;0;86.20;0;3896;42;0;0;21.55;3896;10.77;8.06;26246.32;3.78;0.13;22793.74;6.74;0.00
0.00;11964.00;DEFAULT_EDGEDATA;0;5.53;0;1774;420;0;0;2.76;1774;1.38;1.72;2724.91;26.84;0.92;183.01;1.54;0.00
0.00;11964.00;DEFAULT_EDGEDATA;0;4.99;0;1647;421;0;0;2.50;1647;1.25;1.02;1385.81;27.56;0.95;60.27;0.84;0.00
0.00;11964.00;DEFAULT_EDGEDATA;0;15.72;0;4770;422;0;0;5.24;4770;2.62;0.76;2672.48;25.36;0.87;317.80;0.56;0.00
0.00;11964.00;DEFAULT_EDGEDATA;0;3.35;0;1060;423;0;0;1.68;1060;0.84;1.42;1304.59;26.41;0.91;104.14;1.23;0.00
0.00;11964.00;DEFAULT_EDGEDATA;0;1.42;0;488;426;0;0;0.71;488;0.35;0.70;259.10;28.76;0.99;0.06;0.53;0.00
0.00;11964.00;DEFAULT_EDGEDATA;0;16.98;0;5028;427;0;0;2.83;5028;1.42;7.89;38665.44;24.75;0.85;5334.32;7.69;0.00
0.00;11964.00;DEFAULT_EDGEDATA;0;14.85;0;4938;428;0;0;2.48;4938;1.24;1.61;7053.78;27.78;0.96;234.92;1.43;0.00
0.00;11964.00;DEFAULT_EDGEDATA;0;6.03;0;1774;429;0;0;6.03;1774;3.01;2.06;3298.50;24.59;0.85;478.38;1.86;0.00
0.00;11964.00;DEFAULT_EDGEDATA;0;3.18;0;1030;430;0;0;1.06;1030;0.53;3.60;3514.17;27.04;0.93;207.13;3.41;0.00
0.00;11964.00;DEFAULT_EDGEDATA;0;44.64;0;3896;432;0;0;14.88;3896;7.44;5.63;19263.81;7.29;0.25;14380.21;4.94;0.00
0.00;11964.00;DEFAULT_EDGEDATA;3896;11.37;0;3896;434;0;0;5.68;0;2.84;0.68;1980.18;28.65;0.99;5.36;0.51;0.00
0.00;11964.00;DEFAULT_EDGEDATA;0;4.76;0;1517;435;0;0;2.38;1517;1.19;1.61;2157.36;26.66;0.92;156.92;1.42;0.00
0.00;11964.00;DEFAULT_EDGEDATA;0;7.44;0;2229;438;0;0;2.48;2229;1.24;1.07;1944.53;25.05;0.86;248.56;0.87;0.00
0.00;11964.00;DEFAULT_EDGEDATA;0;78.33;0;3896;439;0;0;19.58;3896;9.79;9.05;30580.68;4.16;0.14;26153.99;7.85;0.00
0.00;11964.00;DEFAULT_EDGEDATA;0;7.37;0;2229;44;0;0;2.46;2229;1.23;1.19;2202.91;25.30;0.87;262.45;0.99;0.00
0.00;11964.00;DEFAULT_EDGEDATA;0;3.24;0;1060;440;0;0;1.62;1060;0.81;3.25;3254.24;27.35;0.94;153.49;3.07;0.00
0.00;11964.00;DEFAULT_EDGEDATA;0;3.30;0;1030;443;0;0;1.65;1030;0.82;1.65;1504.81;26.11;0.90;137.21;1.46;0.00
0.00;11964.00;DEFAULT_EDGEDATA;0;134.76;0;7635;444;0;0;33.69;7635;16.84;10.11;69165.37;4.74;0.16;57777.31;9.06;0.00
0.00;11964.00;DEFAULT_EDGEDATA;0;0.29;0;100;445;0;0;0.29;100;0.15;1.95;177.01;28.58;0.98;1.75;1.77;0.00
0.00;11964.00;DEFAULT_EDGEDATA;0;2.11;0;715;446;0;0;1.05;715;0.53;2.40;1590.57;28.34;0.98;25.81;2.22;0.00
0.00;11964.00;DEFAULT_EDGEDATA;0;6.04;0;1774;448;0;0;6.04;1774;3.02;1.72;2683.14;24.56;0.84;392.78;1.51;0.00
0.00;11964.00;DEFAULT_EDGEDATA;0;0.09;0;30;449;0;0;0.04;30;0.02;1.36;35.44;28.57;0.98;0.51;1.18;0.00
0.00;11964.00;DEFAULT_EDGEDATA;0;16.87;0;4770;450;0;0;3.37;4770;1.69;2.41;10477.35;23.63;0.81;1875.00;2.20;0.00
0.00;11964.00;DEFAULT_EDGEDATA;0;2.14;0;715;454;0;0;1.07;715;0.53;2.73;1827.30;27.96;0.96;53.78;2.56;0.00
0.00;11964.00;DEFAULT_EDGEDATA;0;11.55;0;3756;456;0;0;3.85;3756;1.93;3.80;13574.85;27.17;0.94;738.78;3.61;0.00
0.00;11964.00;DEFAULT_EDGEDATA;0;158.58;0;3900;457;0;0;39.65;3900;19.82;6.68;16563.10;2.06;0.07;15380.96;4.25;0.00
0.00;11964.00;DEFAULT_EDGEDATA;0;14.62;0;3900;459;0;0;14.62;3900;7.31;0.63;1579.99;22.29;0.77;357.27;0.41;0.00
0.00;11964.00;DEFAULT_EDGEDATA;0;0.09;0;30;46;0;0;0.04;30;0.02;6.64;193.91;28.33;0.97;4.35;6.46;0.00
0.00;11964.00;DEFAULT_EDGEDATA;0;0.37;0;128;461;0;0;0.37;128;0.19;1.67;190.95;28.61;0.98;0.02;1.49;0.00
0.00;11964.00;DEFAULT_EDGEDATA;0;5.24;0;1647;463;0;0;1.75;1647;0.87;5.31;8437.27;26.26;0.90;719.64;5.12;0.00
0.00;11964.00;DEFAULT_EDGEDATA;0;0.03;0;12;464;0;0;0.02;12;0.01;4.11;47.22;28.89;0.99;0.00;3.93;0.00
0.00;11964.00;DEFAULT_EDGEDATA;0;3.42;0;1060;465;0;0;1.71;1060;0.85;2.04;1952.96;25.92;0.89;189.71;1.84;0.00
0.00;11964.00;DEFAULT_EDGEDATA;0;1.36;0;444;466;0;0;0.68;444;0.34;6.62;2856.73;27.38;0.94;136.91;6.43;0.00
0.00;11964.00;DEFAULT_EDGEDATA;0;7.56;0;2241;469;0;0;2.52;2241;1.26;0.91;1585.53;24.78;0.85;217.60;0.71;0.00
0.00;11964.00;DEFAULT_EDGEDATA;0;15.63;0;4740;47;0;0;3.13;4740;1.56;1.72;7206.11;25.34;0.87;848.59;1.52;0.00
0.00;11964.00;DEFAULT_EDGEDATA;0;12.03;0;3896;470;0;0;6.02;3896;3.01;0.67;1885.70;27.07;0.93;108.79;0.48;0.00
0.00;11964.00;DEFAULT_EDGEDATA;0;0.05;0;12;471;0;0;0.01;12;0.01;1.86;19.12;19.07;0.95;0.00;1.59;0.00
0.00;11964.00;DEFAULT_EDGEDATA;0;5.76;0;1060;472;0;0;1.44;1060;0.72;7.63;7745.33;15.37;0.76;1754.60;7.31;0.00
0.00;11964.00;DEFAULT_EDGEDATA;0;15.12;0;4740;473;0;0;3.02;4740;1.51;2.79;12306.41;26.20;0.90;1082.84;2.60;0.00
0.00;11964.00;DEFAULT_EDGEDATA;0;44.51;0;3928;474;0;0;11.13;3928;5.56;20.37;77335.81;7.38;0.25;57469.01;19.69;0.00
0.00;11964.00;DEFAULT_EDGEDATA;0;76.44;0;3900;475;0;0;19.11;3900;9.56;15.74;56819.75;4.26;0.15;48406.32;14.57;0.00
0.00;11964.00;DEFAULT_EDGEDATA;0;1.45;0;488;477;0;0;1.45;488;0.73;3.01;1381.24;28.05;0.97;34.04;2.83;0.00
0.00;11964.00;DEFAULT_EDGEDATA;0;81.83;0;3896;478;0;0;20.46;3896;10.23;101.65;391120.57;3.98;0.14;337027.80;100.39;0.00
0.00;11964.00;DEFAULT_EDGEDATA;0;16.32;0;4998;480;0;0;2.72;4998;1.36;2.98;13921.04;25.60;0.88;1504.33;2.79;0.00
0.00;11964.00;DEFAULT_EDGEDATA;0;0.03;0;12;484;0;0;0.02;12;0.01;1.65;17.78;28.89;0.99;0.00;1.48;0.00
0.00;11964.00;DEFAULT_EDGEDATA;0;1.42;488;0;487;0;0;0.71;488;0.35;0.53;173.57;28.76;0.99;0.05;0.36;0.00
0.00;11964.00;DEFAULT_EDGEDATA;0;3.40;0;1060;488;0;0;1.70;1060;0.85;2.53;2479.45;26.04;0.90;230.60;2.34;0.00
0.00;11964.00;DEFAULT_EDGEDATA;0;0.09;0;30;490;0;0;0.04;30;0.02;2.36;65.69;28.57;0.98;0.94;2.19;0.00
0.00;11964.00;DEFAULT_EDGEDATA;0;67.28;0;4384;491;0;0;16.82;4384;8.41;5.91;21877.50;5.45;0.19;17736.54;4.99;0.00
0.00;11964.00;DEFAULT_EDGEDATA;0;14.63;0;3900;492;0;0;14.63;3900;7.32;0.51;1108.06;22.28;0.77;250.97;0.28;0.00
0.00;11964.00;DEFAULT_EDGEDATA;0;0.29;0;100;497;0;0;0.15;100;0.07;1.54;136.68;28.61;0.98;1.23;1.37;0.00
0.00;11964.00;DEFAULT_EDGEDATA;0;86.31;0;3896;498;0;0;21.58;3896;10.79;8.39;27530.53;3.77;0.13;23913.77;7.07;0.00
0.00;11964.00;DEFAULT_EDGEDATA;0;168.29;0;3756;499;0;0;42.07;3756;21.04;23.87;79588.84;1.87;0.06;74422.33;21.19;0.00
0.00;11964.00;DEFAULT_EDGEDATA;0;182.40;0;3756;5;0;0;45.60;3756;22.80;34.19;117510.59;1.72;0.06;110472.35;31.29;0.00
0.00;11964.00;DEFAULT_EDGEDATA;0;2.75;0;714;50;0;0;1.38;714;0.69;1.34;789.82;21.69;0.75;196.40;1.11;0.00
0.00;11964.00;DEFAULT_EDGEDATA;0;15.54;0;4740;500;0;0;3.11;4740;1.55;3.28;14633.75;25.49;0.88;1646.16;3.09;0.00
0.00;11964.00;DEFAULT_EDGEDATA;0;4.20;0;1295;502;0;0;2.10;1295;1.05;0.62;547.77;25.77;0.89;55.52;0.42;0.00
0.00;11964.00;DEFAULT_EDGEDATA;0;127.93;0;3996;503;0;0;31.98;3996;15.99;67.17;260766.31;2.61;0.09;237108.29;65.26;0.00
0.00;11964.00;DEFAULT_EDGEDATA;32;0.09;0;32;506;0;0;0.02;0;0.01;1.07;28.70;28.32;0.97;0.00;0.90;0.00
0.00;11964.00;DEFAULT_EDGEDATA;0;0.37;0;128;509;0;0;0.12;128;0.06;1.53;173.50;28.61;0.98;0.02;1.36;0.00
0.00;11964.00;DEFAULT_EDGEDATA;0;72.02;0;3896;51;0;0;18.00;3896;9.00;10.58;36903.93;4.52;0.16;31093.41;9.47;0.00
0.00;11964.00;DEFAULT_EDGEDATA;0;4.19;0;1295;515;0;0;2.10;1295;1.05;0.68;630.80;25.83;0.89;62.67;0.49;0.00
0.00;11964.00;DEFAULT_EDGEDATA;0;96.20;0;3900;516;0;0;32.07;3900;16.03;27.14;100097.27;3.39;0.12;88319.84;25.67;0.00
0.00;11964.00;DEFAULT_EDGEDATA;0;6.95;0;1960;517;0;0;6.95;1960;3.47;2.70;4874.33;23.58;0.81;878.52;2.49;0.00
0.00;11964.00;DEFAULT_EDGEDATA;0;96.37;0;3900;518;0;0;24.09;3900;12.05;22.76;83001.43;3.38;0.12;73252.63;21.28;0.00
0.00;11964.00;DEFAULT_EDGEDATA;0;1.37;0;444;520;0;0;0.68;444;0.34;1.14;425.78;27.17;0.94;23.43;0.96;0.00
0.00;11964.00;DEFAULT_EDGEDATA;0;5.17;0;1647;521;0;0;1.72;1647;0.86;1.75;2579.60;26.62;0.92;187.87;1.57;0.00
0.00;11964.00;DEFAULT_EDGEDATA;0;0.37;0;128;523;0;0;0.37;128;0.19;0.57;51.14;28.61;0.98;0.02;0.40;0.00
0.00;11964.00;DEFAULT_EDGEDATA;0;7.20;0;2229;525;0;0;2.40;2229;1.20;1.18;2195.52;25.89;0.89;216.27;0.98;0.00
0.00;11964.00;DEFAULT_EDGEDATA;0;10.18;0;2241;526;0;0;5.09;2241;2.55;5.16;10953.57;18.39;0.63;3938.06;4.89;0.00
0.00;11964.00;DEFAULT_EDGEDATA;0;0.09;0;32;527;0;0;0.09;32;0.05;1.13;30.40;28.32;0.97;0.00;0.95;0.00
0.00;11964.00;DEFAULT_EDGEDATA;0;1.33;0;444;529;0;0;0.67;444;0.33;1.79;713.53;27.83;0.96;23.06;1.61;0.00
0.00;11964.00;DEFAULT_EDGEDATA;0;61.88;0;1182;53;0;0;61.88;1182;30.94;17.92;17485.67;1.60;0.05;16509.72;14.79;0.00
0.00;11964.00;DEFAULT_EDGEDATA;0;0.03;0;12;530;0;0;0.02;12;0.01;1.36;14.21;28.89;0.99;0.00;1.18;0.00
0.00;11964.00;DEFAULT_EDGEDATA;0;7.42;0;2229;532;0;0;2.47;2229;1.24;1.18;2178.88;25.11;0.86;273.35;0.98;0.00
0.00;11964.00;DEFAULT_EDGEDATA;0;1.42;0;488;533;0;0;0.71;488;0.35;0.79;298.79;28.76;0.99;0.06;0.61;0.00
0.00;11964.00;DEFAULT_EDGEDATA;0;7.43;0;2361;536;0;0;7.43;2361;3.71;4.39;9913.07;26.57;0.91;752.91;4.20;0.00
0.00;11964.00;DEFAULT_EDGEDATA;0;3.02;0;1030;537;0;0;1.51;1030;0.76;3.92;3856.88;28.50;0.98;30.78;3.74;0.00
0.00;11964.00;DEFAULT_EDGEDATA;0;7.26;0;2229;538;0;0;2.42;2229;1.21;1.06;1925.12;25.65;0.88;205.89;0.86;0.00
0.00;11964.00;DEFAULT_EDGEDATA;0;69.81;0;3611;539;0;0;34.91;3611;17.45;33.16;115549.01;4.32;0.15;98193.40;32.00;0.00
0.00;11964.00;DEFAULT_EDGEDATA;0;4.94;0;1647;540;0;0;2.47;1647;1.23;0.93;1230.21;27.89;0.96;39.62;0.75;0.00
0.00;11964.00;DEFAULT_EDGEDATA;0;3.31;0;1060;541;0;0;1.65;1060;0.83;3.38;3386.94;26.80;0.92;224.51;3.20;0.00
0.00;11964.00;DEFAULT_EDGEDATA;0;17.14;0;5028;542;0;0;2.86;5028;1.43;18.28;90869.48;24.51;0.84;13266.83;18.07;0.00
0.00;11964.00;DEFAULT_EDGEDATA;0;58.29;3445;0;544;0;0;29.14;3445;14.57;7.96;23940.48;4.94;0.17;19826.43;6.95;0.00
0.00;11964.00;DEFAULT_EDGEDATA;0;75.12;0;3900;546;0;0;25.04;3900;12.52;21.63;79861.81;4.34;0.15;67828.62;20.48;0.00
0.00;11964.00;DEFAULT_EDGEDATA;0;3.59;0;1060;547;0;0;3.59;1060;1.80;2.70;2643.59;24.68;0.85;370.87;2.49;0.00
0.00;11964.00;DEFAULT_EDGEDATA;0;7.21;0;2229;548;0;0;2.40;2229;1.20;1.05;1909.49;25.86;0.89;190.27;0.86;0.00
0.00;11964.00;DEFAULT_EDGEDATA;0;16.26;0;488;549;0;0;8.13;488;4.06;7.24;2561.86;2.51;0.09;2338.42;5.25;0.00
0.00;11964.00;DEFAULT_EDGEDATA;0;3.39;0;1060;55;0;0;1.69;1060;0.85;0.61;448.34;26.15;0.90;39.98;0.42;0.00
0.00;11964.00;DEFAULT_EDGEDATA;629;1.82;0;629;550;0;0;1.82;0;0.91;0.46;177.88;28.89;0.99;0.07;0.28;0.00
0.00;11964.00;DEFAULT_EDGEDATA;0;4.16;0;1295;551;0;0;2.08;1295;1.04;0.70;663.23;25.99;0.89;62.13;0.51;0.00
0.00;11964.00;DEFAULT_EDGEDATA;0;14.83;0;4770;553;0;0;2.97;4770;1.48;11.15;52317.44;26.89;0.93;3447.63;10.97;0.00
0.00;11964.00;DEFAULT_EDGEDATA;0;15.91;0;4740;554;0;0;3.18;4740;1.59;1.76;7403.52;24.91;0.86;984.91;1.56;0.00
0.00;11964.00;DEFAULT_EDGEDATA;0;5.11;0;1647;555;0;0;2.56;1647;1.28;0.82;1046.46;26.93;0.93;68.48;0.64;0.00
0.00;11964.00;DEFAULT_EDGEDATA;0;85.77;0;3900;556;0;0;42.89;3900;21.44;5.79;17455.18;3.80;0.13;15151.79;4.48;0.00
0.00;11964.00;DEFAULT_EDGEDATA;0;99.27;0;3900;558;0;0;33.09;3900;16.54;22.83;83112.22;3.28;0.11;73635.61;21.31;0.00
0.00;11964.00;DEFAULT_EDGEDATA;0;70.41;0;4384;559;0;0;17.60;4384;8.80;5.88;21548.57;5.20;0.18;17651.24;4.92;0.00
0.00;11964.00;DEFAULT_EDGEDATA;0;131.04;0;3900;560;0;0;43.68;3900;21.84;23.09;82230.53;2.49;0.09;75127.78;21.08;0.00
0.00;11964.00;DEFAULT_EDGEDATA;0;16.99;0;4938;561;0;0;2.83;4938;1.42;4.09;19172.54;24.29;0.84;2970.64;3.88;0.00
0.00;11964.00;DEFAULT_EDGEDATA;0;18.00;0;444;564;0;0;9.00;444;4.50;62.04;26468.98;2.06;0.07;24570.69;59.61;0.00
0.00;11964.00;DEFAULT_EDGEDATA;0;2.15;0;714;567;0;0;1.07;714;0.54;1.09;649.13;27.76;0.96;24.79;0.91;0.00
0.00;11964.00;DEFAULT_EDGEDATA;0;3.61;0;1060;568;0;0;1.81;1060;0.90;2.67;2617.10;24.52;0.84;381.15;2.47;0.00
0.00;11964.00;DEFAULT_EDGEDATA;0;104.94;0;3900;569;0;0;34.98;3900;17.49;14.63;50762.02;3.11;0.11;45287.17;13.02;0.00
0.00;11964.00;DEFAULT_EDGEDATA;0;5.34;0;1647;57;0;0;2.67;1647;1.34;3.15;4862.93;25.77;0.89;513.86;2.95;0.00
0.00;11964.00;DEFAULT_EDGEDATA;0;0.03;0;12;571;0;0;0.02;12;0.01;2.14;23.58;28.89;0.99;0.00;1.97;0.00
0.00;11964.00;DEFAULT_EDGEDATA;0;3.06;0;1030;574;0;0;1.53;1030;0.76;2.12;2005.87;28.17;0.97;39.28;1.95;0.00
0.00;11964.00;DEFAULT_EDGEDATA;0;7.68;0;2241;579;0;0;2.56;2241;1.28;1.13;2068.56;24.40;0.84;311.21;0.92;0.00
0.00;11964.00;DEFAULT_EDGEDATA;0;8.42;0;2241;582;0;0;2.81;2241;1.40;1.02;1781.12;22.26;0.77;400.70;0.79;0.00
0.00;11964.00;DEFAULT_EDGEDATA;0;7.78;0;2361;583;0;0;7.78;2361;3.89;1.92;4058.58;25.36;0.87;479.47;1.72;0.00
0.00;11964.00;DEFAULT_EDGEDATA;0;15.51;0;4770;584;0;0;5.17;4770;2.59;1.18;4721.98;25.70;0.88;506.30;0.99;0.00
0.00;11964.00;DEFAULT_EDGEDATA;0;7.25;0;2229;587;0;0;2.42;2229;1.21;1.15;2133.74;25.69;0.88;225.12;0.96;0.00
0.00;11964.00;DEFAULT_EDGEDATA;0;16.41;0;4938;588;0;0;2.73;4938;1.37;1.81;7940.09;25.16;0.87;990.45;1.61;0.00
0.00;11964.00;DEFAULT_EDGEDATA;0;3.27;0;1030;59;0;0;1.09;1030;0.55;3.62;3530.39;26.32;0.91;296.11;3.43;0.00
0.00;11964.00;DEFAULT_EDGEDATA;0;1.35;0;444;590;0;0;0.68;444;0.34;0.86;299.71;27.41;0.94;14.10;0.68;0.00
0.00;11964.00;DEFAULT_EDGEDATA;0;15.75;0;4770;592;0;0;5.25;4770;2.62;0.72;2498.35;25.32;0.87;301.10;0.52;0.00
0.00;11964.00;DEFAULT_EDGEDATA;0;4.54;0;1517;593;0;0;2.27;1517;1.13;0.94;1153.19;27.95;0.96;31.97;0.76;0.00
0.00;11964.00;DEFAULT_EDGEDATA;0;49.65;0;3896;594;0;0;24.83;3896;12.41;12.53;45850.17;6.56;0.23;35400.14;11.77;0.00
0.00;11964.00;DEFAULT_EDGEDATA;0;1.42;0;488;595;0;0;0.71;488;0.35;0.74;276.57;28.76;0.99;0.06;0.57;0.00
0.00;11964.00;DEFAULT_EDGEDATA;0;15.68;0;4770;598;0;0;5.23;4770;2.61;0.94;3522.90;25.43;0.88;410.89;0.74;0.00
0.00;11964.00;DEFAULT_EDGEDATA;0;7.67;0;2361;599;0;0;7.67;2361;3.84;0.63;1039.75;25.73;0.89;109.56;0.44;0.00
0.00;11964.00;DEFAULT_EDGEDATA;0;167.57;0;7828;6;0;0;41.89;7828;20.95;28.35;211922.33;3.90;0.13;183146.37;27.07;0.00
0.00;11964.00;DEFAULT_EDGEDATA;0;1.36;0;444;60;0;0;0.68;444;0.34;0.79;270.06;27.36;0.94;13.17;0.61;0.00
0.00;11964.00;DEFAULT_EDGEDATA;0;5.20;0;1647;604;0;0;1.73;1647;0.87;1.93;2868.90;26.49;0.91;221.29;1.74;0.00
0.00;11964.00;DEFAULT_EDGEDATA;0;0.29;0;100;607;0;0;0.14;100;0.07;1.49;131.28;28.86;0.99;0.01;1.31;0.00
0.00;11964.00;DEFAULT_EDGEDATA;0;1.48;0;488;608;0;0;1.48;488;0.74;0.71;257.94;27.58;0.95;10.60;0.53;0.00
0.00;11964.00;DEFAULT_EDGEDATA;0;1.34;0;444;609;0;0;0.67;444;0.33;1.35;517.60;27.75;0.95;18.02;1.17;0.00
0.00;11964.00;DEFAULT_EDGEDATA;0;3.36;0;1060;611;0;0;1.68;1060;0.84;2.25;2180.82;26.34;0.91;179.40;2.06;0.00
0.00;11964.00;DEFAULT_EDGEDATA;0;11.32;0;3756;613;0;0;3.77;3756;1.89;5.00;18096.85;27.73;0.95;633.91;4.82;0.00
0.00;11964.00;DEFAULT_EDGEDATA;0;16.33;0;4770;614;0;0;4.08;4770;2.04;5.68;26099.57;24.42;0.84;3961.23;5.47;0.00
0.00;11964.00;DEFAULT_EDGEDATA;0;1.48;0;488;615;0;0;1.48;488;0.74;0.82;309.78;27.63;0.95;12.21;0.63;0.00
0.00;11964.00;DEFAULT_EDGEDATA;0;12.00;0;3524;616;0;0;3.00;3524;1.50;2.50;8080.30;24.55;0.84;1168.66;2.29;0.00
0.00;11964.00;DEFAULT_EDGEDATA;0;17.36;0;4938;617;0;0;2.89;4938;1.45;2.78;12687.40;23.78;0.82;2189.71;2.57;0.00
0.00;11964.00;DEFAULT_EDGEDATA;0;7.45;0;2229;618;0;0;2.48;2229;1.24;1.29;2418.77;24.99;0.86;313.73;1.09;0.00
0.00;11964.00;DEFAULT_EDGEDATA;0;115.52;0;3900;620;0;0;38.51;3900;19.25;15.47;53429.95;2.82;0.10;48194.70;13.70;0.00
0.00;11964.00;DEFAULT_EDGEDATA;0;3.45;0;1060;621;0;0;1.72;1060;0.86;1.20;1060.96;25.71;0.88;110.87;1.00;0.00
0.00;11964.00;DEFAULT_EDGEDATA;0;86.37;0;3900;622;0;0;43.19;3900;21.59;5.79;17422.38;3.77;0.13;15139.30;4.47;0.00
0.00;11964.00;DEFAULT_EDGEDATA;0;90.44;0;3756;623;0;0;45.22;3756;22.61;8.95;28218.42;3.47;0.12;24809.68;7.51;0.00
0.00;11964.00;DEFAULT_EDGEDATA;0;1.37;0;444;624;0;0;0.68;444;0.34;0.83;286.15;27.15;0.93;15.98;0.64;0.00
0.00;11964.00;DEFAULT_EDGEDATA;0;5.98;0;1774;626;0;0;5.98;1774;2.99;1.52;2334.13;24.81;0.85;321.30;1.32;0.00
0.00;11964.00;DEFAULT_EDGEDATA;0;15.35;0;4770;627;0;0;3.07;4770;1.54;2.28;9952.10;25.97;0.89;972.01;2.09;0.00
0.00;11964.00;DEFAULT_EDGEDATA;0;16.83;0;4938;628;0;0;2.80;4938;1.40;2.69;12254.40;24.53;0.84;1796.30;2.48;0.00
0.00;11964.00;DEFAULT_EDGEDATA;0;130.42;0;4915;629;0;0;26.08;4915;13.04;36.19;170093.34;3.15;0.11;151456.23;34.61;0.00
0.00;11964.00;DEFAULT_EDGEDATA;0;15.74;0;4740;63;0;0;3.15;4740;1.57;1.41;5753.75;25.17;0.87;712.93;1.21;0.00
0.00;11964.00;DEFAULT_EDGEDATA;0;15.60;0;4740;630;0;0;3.12;4740;1.56;3.08;13653.55;25.39;0.87;1583.38;2.88;0.00
0.00;11964.00;DEFAULT_EDGEDATA;0;71.74;0;2746;631;0;0;17.94;2746;8.97;18.74;47155.00;3.20;0.11;41909.63;17.17;0.00
0.00;11964.00;DEFAULT_EDGEDATA;0;0.29;0;100;634;0;0;0.29;100;0.15;4.75;457.14;28.65;0.99;3.46;4.57;0.00
0.00;11964.00;DEFAULT_EDGEDATA;0;3.08;0;1030;635;0;0;1.03;1030;0.51;5.01;4972.46;27.94;0.96;137.89;4.83;0.00
0.00;11964.00;DEFAULT_EDGEDATA;0;3.97;0;1295;636;0;0;1.99;1295;0.99;4.35;5392.82;27.23;0.94;270.52;4.16;0.00
0.00;11964.00;DEFAULT_EDGEDATA;0;6.96;0;2229;637;0;0;2.32;2229;1.16;4.04;8580.55;26.75;0.92;587.17;3.85;0.00
0.00;11964.00;DEFAULT_EDGEDATA;0;115.64;0;3900;638;0;0;28.91;3900;14.46;44.26;165683.09;2.82;0.10;149466.57;42.48;0.00
0.00;11964.00;DEFAULT_EDGEDATA;0;81.80;0;3900;639;0;0;40.90;3900;20.45;8.00;26317.02;3.98;0.14;22675.68;6.75;0.00
0.00;11964.00;DEFAULT_EDGEDATA;0;15.67;0;4740;64;0;0;3.13;4740;1.57;1.80;7573.46;25.29;0.87;907.30;1.60;0.00
0.00;11964.00;DEFAULT_EDGEDATA;488;1.42;0;488;641;0;0;1.42;0;0.71;0.29;57.53;28.76;0.99;0.06;0.12;0.00
0.00;11964.00;DEFAULT_EDGEDATA;0;44.65;0;3928;642;0;0;11.16;3928;5.58;16.68;62865.34;7.35;0.25;46768.60;16.00;0.00
0.00;11964.00;DEFAULT_EDGEDATA;0;1.49;0;444;643;0;0;0.75;444;0.37;1.20;443.99;24.84;0.85;60.40;1.00;0.00
0.00;11964.00;DEFAULT_EDGEDATA;0;0.29;0;100;646;0;0;0.15;100;0.07;2.57;239.61;28.61;0.98;2.15;2.40;0.00
0.00;11964.00;DEFAULT_EDGEDATA;0;0.29;0;100;647;0;0;0.29;100;0.15;0.23;5.85;28.54;0.98;0.08;0.06;0.00
0.00;11964.00;DEFAULT_EDGEDATA;0;170.20;0;3900;649;0;0;56.73;3900;28.37;24.39;84954.88;1.92;0.07;79305.15;21.78;0.00
0.00;11964.00;DEFAULT_EDGEDATA;0;72.36;0;4024;65;0;0;18.09;4024;9.05;25.68;99014.23;4.65;0.16;82986.31;24.61;0.00
0.00;11964.00;DEFAULT_EDGEDATA;0;3.33;0;1060;652;0;0;1.66;1060;0.83;0.99;848.94;26.63;0.92;61.36;0.80;0.00
0.00;11964.00;DEFAULT_EDGEDATA;0;21.18;0;2241;653;0;0;7.06;2241;3.53;2.41;4128.49;8.84;0.30;2857.31;1.84;0.00
0.00;11964.00;DEFAULT_EDGEDATA;0;5.46;0;1774;654;0;0;2.73;1774;1.36;1.67;2641.04;27.16;0.93;147.26;1.49;0.00
0.00;11964.00;DEFAULT_EDGEDATA;0;11.92;0;3756;655;0;0;3.97;3756;1.99;1.37;4440.13;26.34;0.91;370.27;1.18;0.00
0.00;11964.00;DEFAULT_EDGEDATA;0;10.13;0;3164;657;0;0;2.53;3164;1.27;1.74;4894.77;26.11;0.90;445.17;1.55;0.00
0.00;11964.00;DEFAULT_EDGEDATA;0;4.79;0;1517;659;0;0;2.39;1517;1.20;1.00;1226.37;26.50;0.91;96.12;0.81;0.00
0.00;11964.00;DEFAULT_EDGEDATA;0;0.37;0;128;66;0;0;0.37;128;0.19;0.54;46.35;28.61;0.98;0.02;0.36;0.00
0.00;11964.00;DEFAULT_EDGEDATA;0;1.33;0;444;663;0;0;0.67;444;0.33;1.61;633.58;27.80;0.96;20.95;1.43;0.00
0.00;11964.00;DEFAULT_EDGEDATA;0;86.21;0;3900;664;0;0;43.11;3900;21.55;5.83;17575.46;3.78;0.13;15268.00;4.51;0.00
0.00;11964.00;DEFAULT_EDGEDATA;0;0.03;0;12;666;0;0;0.03;12;0.02;1.39;14.66;28.89;0.99;0.00;1.22;0.00
0.00;11964.00;DEFAULT_EDGEDATA;0;3.34;0;1060;667;0;0;1.67;1060;0.84;1.34;1217.94;26.50;0.91;93.56;1.15;0.00
0.00;11964.00;DEFAULT_EDGEDATA;0;5.03;0;1647;668;0;0;2.51;1647;1.26;1.70;2500.77;27.39;0.94;123.38;1.52;0.00
0.00;11964.00;DEFAULT_EDGEDATA;0;0.54;0;186;669;0;0;0.54;186;0.27;2.43;419.92;28.79;0.99;0.02;2.26;0.00
0.00;11964.00;DEFAULT_EDGEDATA;0;4.98;0;1504;670;0;0;2.49;1504;1.25;2.39;3299.96;25.23;0.87;400.71;2.19;0.00
0.00;11964.00;DEFAULT_EDGEDATA;0;0.05;0;12;671;0;0;0.01;12;0.01;1.86;19.12;19.07;0.95;0.00;1.59;0.00
0.00;11964.00;DEFAULT_EDGEDATA;0;75.69;0;3900;675;0;0;37.85;3900;18.92;7.99;26615.52;4.31;0.15;22635.67;6.82;0.00
0.00;11964.00;DEFAULT_EDGEDATA;0;8.04;0;488;676;0;0;4.02;488;2.01;3.89;1415.28;5.08;0.17;1165.57;2.90;0.00
0.00;11964.00;DEFAULT_EDGEDATA;0;122.29;0;3900;677;0;0;40.76;3900;20.38;10.54;33796.44;2.67;0.09;30668.34;8.67;0.00
0.00;11964.00;DEFAULT_EDGEDATA;0;0.29;0;100;678;0;0;0.07;100;0.04;5.51;533.81;28.69;0.99;3.15;5.34;0.00
0.00;11964.00;DEFAULT_EDGEDATA;0;69.93;0;4384;68;0;0;17.48;4384;8.74;5.86;21517.18;5.24;0.18;17598.58;4.91;0.00
0.00;11964.00;DEFAULT_EDGEDATA;0;0.29;0;100;683;0;0;0.15;100;0.07;1.52;134.14;28.61;0.98;1.21;1.34;0.00
0.00;11964.00;DEFAULT_EDGEDATA;0;213.22;0;4471;684;0;0;53.30;4471;26.65;13.72;48569.35;1.75;0.06;45608.35;10.86;0.00
0.00;11964.00;DEFAULT_EDGEDATA;0;173.66;0;4471;686;0;0;43.41;4471;21.71;135.03;593310.13;2.15;0.07;548896.70;132.70;0.00
0.00;11964.00;DEFAULT_EDGEDATA;0;7.59;0;2361;687;0;0;7.59;2361;3.79;0.92;1727.89;26.00;0.89;165.44;0.73;0.00
0.00;11964.00;DEFAULT_EDGEDATA;0;0.30;0;100;689;0;0;0.08;100;0.04;0.64;45.98;27.62;0.95;1.99;0.46;0.00
0.00;11964.00;DEFAULT_EDGEDATA;0;4.73;0;1517;692;0;0;2.37;1517;1.18;3.26;4654.93;26.80;0.92;315.67;3.07;0.00
0.00;11964.00;DEFAULT_EDGEDATA;0;1.36;0;444;694;0;0;0.68;444;0.34;2.75;1140.11;27.21;0.94;61.14;2.57;0.00
0.00;11964.00;DEFAULT_EDGEDATA;0;7.41;0;2361;695;0;0;2.47;2361;1.23;2.23;4826.66;26.63;0.92;355.89;2.04;0.00
0.00;11964.00;DEFAULT_EDGEDATA;3164;9.79;0;3164;696;0;0;1.63;0;0.82;2.26;6556.44;27.01;0.93;390.84;2.07;0.00
0.00;11964.00;DEFAULT_EDGEDATA;0;6.96;0;1960;697;0;0;6.96;1960;3.48;3.37;6182.86;23.55;0.81;1120.81;3.15;0.00
0.00;11964.00;DEFAULT_EDGEDATA;0;11.98;0;3524;698;0;0;3.00;3524;1.50;2.38;7653.88;24.59;0.85;1097.05;2.17;0.00
0.00;11964.00;DEFAULT_EDGEDATA;0;7.23;0;2361;7;0;0;2.41;2361;1.21;3.08;6835.30;27.28;0.94;351.22;2.90;0.00
0.00;11964.00;DEFAULT_EDGEDATA;0;5.15;0;1647;700;0;0;1.72;1647;0.86;1.70;2497.64;26.73;0.92;172.46;1.52;0.00
0.00;11964.00;DEFAULT_EDGEDATA;0;1.48;0;488;701;0;0;1.48;488;0.74;1.17;484.31;27.53;0.95;20.80;0.99;0.00
0.00;11964.00;DEFAULT_EDGEDATA;0;7.65;0;2361;702;0;0;7.65;2361;3.83;1.13;2211.26;25.80;0.89;227.57;0.94;0.00
0.00;11964.00;DEFAULT_EDGEDATA;0;27.90;0;8526;703;0;0;5.58;8526;2.79;1.72;13028.64;25.54;0.88;1459.75;1.53;0.00
0.00;11964.00;DEFAULT_EDGEDATA;0;0.37;0;128;706;0;0;0.12;128;0.06;1.10;118.35;28.57;0.98;0.17;0.92;0.00
0.00;11964.00;DEFAULT_EDGEDATA;0;105.25;0;3611;707;0;0;52.63;3611;26.31;14.15;44817.03;2.87;0.10;40352.17;12.41;0.00
0.00;11964.00;DEFAULT_EDGEDATA;0;0.54;0;186;708;0;0;0.54;186;0.27;2.18;374.06;28.79;0.99;0.03;2.01;0.00
0.00;11964.00;DEFAULT_EDGEDATA;0;7.84;0;2241;709;0;0;3.92;2241;1.96;1.34;2524.64;23.88;0.82;425.47;1.13;0.00
0.00;11964.00;DEFAULT_EDGEDATA;0;15.55;0;4740;71;0;0;3.11;4740;1.56;2.43;10566.09;25.47;0.88;1197.09;2.23;0.00
0.00;11964.00;DEFAULT_EDGEDATA;0;0.29;0;100;710;0;0;0.15;100;0.07;1.30;112.81;28.61;0.98;1.02;1.13;0.00
0.00;11964.00;DEFAULT_EDGEDATA;0;9.87;0;3164;711;0;0;4.93;3164;2.47;1.70;4779.05;26.80;0.92;329.02;1.51;0.00
0.00;11964.00;DEFAULT_EDGEDATA;0;198.19;0;4471;712;0;0;49.55;4471;24.77;33.06;135960.62;1.89;0.06;127042.87;30.41;0.00
0.00;11964.00;DEFAULT_EDGEDATA;0;7.15;0;2241;714;0;0;3.57;2241;1.79;1.25;2373.19;26.21;0.90;207.00;1.06;0.00
0.00;11964.00;DEFAULT_EDGEDATA;0;0.29;0;100;715;0;0;0.29;100;0.15;0.98;80.94;28.56;0.98;0.85;0.81;0.00
0.00;11964.00;DEFAULT_EDGEDATA;0;86.21;0;3896;716;0;0;21.55;3896;10.78;9.34;31220.88;3.78;0.13;27114.35;8.01;0.00
0.00;11964.00;DEFAULT_EDGEDATA;0;0.29;0;100;717;0;0;0.29;100;0.15;0.25;7.28;28.56;0.98;0.09;0.07;0.00
0.00;11964.00;DEFAULT_EDGEDATA;0;13.11;0;3896;719;0;0;13.11;3896;6.55;3.94;14555.17;24.85;0.85;1962.80;3.74;0.00
0.00;11964.00;DEFAULT_EDGEDATA;0;5.07;0;1647;72;0;0;2.53;1647;1.27;1.35;1916.87;27.18;0.94;108.84;1.16;0.00
0.00;11964.00;DEFAULT_EDGEDATA;0;2.08;0;715;720;0;0;1.04;715;0.52;2.86;1920.31;28.77;0.99;2.58;2.69;0.00
0.00;11964.00;DEFAULT_EDGEDATA;0;3.43;0;1060;721;0;0;1.72;1060;0.86;2.61;2558.27;25.80;0.89;259.19;2.41;0.00
0.00;11964.00;DEFAULT_EDGEDATA;0;0.29;0;100;723;0;0;0.15;100;0.07;1.12;94.15;28.60;0.98;0.85;0.94;0.00
0.00;11964.00;DEFAULT_EDGEDATA;0;4.88;0;1504;724;0;0;2.44;1504;1.22;1.22;1546.91;25.75;0.89;160.19;1.03;0.00
0.00;11964.00;DEFAULT_EDGEDATA;0;4.22;0;1295;725;0;0;2.11;1295;1.06;2.35;2788.22;25.64;0.88;294.62;2.15;0.00
0.00;11964.00;DEFAULT_EDGEDATA;0;14.21;0;3445;726;0;0;14.21;3445;7.10;2.40;7411.79;20.27;0.70;2186.71;2.15;0.00
0.00;11964.00;DEFAULT_EDGEDATA;0;14.07;0;4770;728;0;0;2.81;4770;1.41;2.72;12138.22;28.33;0.97;191.94;2.54;0.00
0.00;11964.00;DEFAULT_EDGEDATA;0;77.98;0;3756;729;0;0;38.99;3756;19.49;19.55;68766.42;4.03;0.14;59132.29;18.31;0.00
0.00;11964.00;DEFAULT_EDGEDATA;0;1.34;0;444;73;0;0;0.67;444;0.34;1.00;362.01;27.64;0.95;14.01;0.82;0.00
0.00;11964.00;DEFAULT_EDGEDATA;0;3.30;0;1030;730;0;0;1.10;1030;0.55;2.23;2100.17;26.12;0.90;191.25;2.04;0.00
0.00;11964.00;DEFAULT_EDGEDATA;0;3.18;0;1030;732;0;0;3.18;1030;1.59;1.27;1117.40;27.06;0.93;64.93;1.08;0.00
0.00;11964.00;DEFAULT_EDGEDATA;0;6.96;0;1960;733;0;0;6.96;1960;3.48;1.36;2248.75;23.55;0.81;407.91;1.15;0.00
0.00;11964.00;DEFAULT_EDGEDATA;0;0.29;0;100;734;0;0;0.15;100;0.07;1.82;164.93;28.61;0.98;1.48;1.65;0.00
0.00;11964.00;DEFAULT_EDGEDATA;0;0.29;0;100;735;0;0;0.29;100;0.15;0.23;5.14;28.59;0.98;0.06;0.05;0.00
0.00;11964.00;DEFAULT_EDGEDATA;0;3.31;0;1030;738;0;0;1.10;1030;0.55;3.63;3541.94;26.01;0.90;335.60;3.44;0.00
0.00;11964.00;DEFAULT_EDGEDATA;0;0.03;0;12;739;0;0;0.02;12;0.01;1.23;12.63;28.89;0.99;0.00;1.05;0.00
0.00;11964.00;DEFAULT_EDGEDATA;0;17.79;0;5124;740;0;0;2.96;5124;1.48;5.67;27998.77;24.08;0.83;4541.62;5.46;0.00
0.00;11964.00;DEFAULT_EDGEDATA;0;81.27;0;3900;741;0;0;40.64;3900;20.32;4.71;13525.36;4.01;0.14;11641.78;3.47;0.00
0.00;11964.00;DEFAULT_EDGEDATA;0;26.59;0;8526;742;0;0;5.32;8526;2.66;3.35;26981.67;26.80;0.92;1842.51;3.16;0.00
0.00;11964.00;DEFAULT_EDGEDATA;0;0.29;100;0;744;0;0;0.14;100;0.07;0.46;28.62;28.86;0.99;0.01;0.29;0.00
0.00;11964.00;DEFAULT_EDGEDATA;0;4.87;0;1504;747;0;0;2.43;1504;1.22;1.28;1632.38;25.82;0.89;164.99;1.09;0.00
0.00;11964.00;DEFAULT_EDGEDATA;0;3.21;0;1030;748;0;0;3.21;1030;1.60;1.57;1427.36;26.86;0.92;93.11;1.39;0.00
0.00;11964.00;DEFAULT_EDGEDATA;0;0.29;0;100;749;0;0;0.14;100;0.07;2.86;268.92;28.86;0.99;0.01;2.69;0.00
0.00;11964.00;DEFAULT_EDGEDATA;0;1.35;0;444;750;0;0;0.67;444;0.34;1.04;380.87;27.55;0.95;16.05;0.86;0.00
0.00;11964.00;DEFAULT_EDGEDATA;0;4.52;0;1295;752;0;0;2.26;1295;1.13;4.17;5132.85;23.95;0.82;845.64;3.96;0.00
0.00;11964.00;DEFAULT_EDGEDATA;0;3.22;0;714;753;0;0;3.22;714;1.61;4.07;2715.10;18.51;0.64;973.79;3.80;0.00
0.00;11964.00;DEFAULT_EDGEDATA;0;10.52;0;3164;754;0;0;2.63;3164;1.32;2.10;6026.46;25.13;0.86;754.06;1.90;0.00
0.00;11964.00;DEFAULT_EDGEDATA;0;0.09;0;32;755;0;0;0.09;32;0.05;2.24;65.99;28.32;0.97;0.00;2.06;0.00
0.00;11964.00;DEFAULT_EDGEDATA;0;0.37;0;128;757;0;0;0.37;128;0.19;1.08;115.52;28.61;0.98;0.02;0.90;0.00
0.00;11964.00;DEFAULT_EDGEDATA;0;100.89;0;3756;758;0;0;50.45;3756;25.22;9.31;28920.97;3.11;0.11;25789.34;7.70;0.00
0.00;11964.00;DEFAULT_EDGEDATA;0;4.91;0;1647;76;0;0;2.45;1647;1.23;0.95;1272.57;28.06;0.97;33.38;0.77;0.00
0.00;11964.00;DEFAULT_EDGEDATA;0;5.23;0;1647;761;0;0;1.74;1647;0.87;2.06;3072.58;26.32;0.91;255.71;1.87;0.00
0.00;11964.00;DEFAULT_EDGEDATA;0;98.66;0;3996;762;0;0;24.67;3996;12.33;35.77;137033.02;3.39;0.12;120912.37;34.29;0.00
0.00;11964.00;DEFAULT_EDGEDATA;0;0.09;0;30;765;0;0;0.04;30;0.02;1.57;41.78;28.66;0.99;0.46;1.39;0.00
0.00;11964.00;DEFAULT_EDGEDATA;0;7.69;0;2241;766;0;0;2.56;2241;1.28;1.12;2041.99;24.36;0.84;309.62;0.91;0.00
0.00;11964.00;DEFAULT_EDGEDATA;0;0.03;0;12;771;0;0;0.02;12;0.01;1.32;13.70;28.89;0.99;0.00;1.14;0.00
0.00;11964.00;DEFAULT_EDGEDATA;0;3.28;0;1060;772;0;0;1.64;1060;0.82;1.77;1676.59;27.03;0.93;98.01;1.58;0.00
0.00;11964.00;DEFAULT_EDGEDATA;0;3.26;0;1030;774;0;0;1.09;1030;0.54;3.63;3546.41;26.42;0.91;285.59;3.44;0.00
0.00;11964.00;DEFAULT_EDGEDATA;0;6.03;0;488;777;0;0;3.01;488;1.51;2.81;1008.93;6.77;0.23;771.60;2.07;0.00
0.00;11964.00;DEFAULT_EDGEDATA;0;4.62;0;1517;782;0;0;2.31;1517;1.15;0.86;1033.70;27.47;0.95;45.97;0.68;0.00
0.00;11964.00;DEFAULT_EDGEDATA;0;0.37;0;128;784;0;0;0.37;128;0.19;2.80;336.00;28.61;0.98;0.02;2.62;0.00
0.00;11964.00;DEFAULT_EDGEDATA;0;7.52;0;2241;785;0;0;2.51;2241;1.25;0.99;1774.51;24.90;0.86;235.68;0.79;0.00
0.00;11964.00;DEFAULT_EDGEDATA;0;16.55;0;4938;789;0;0;2.76;4938;1.38;2.77;12677.41;24.94;0.86;1678.08;2.57;0.00
0.00;11964.00;DEFAULT_EDGEDATA;0;110.57;0;3900;790;0;0;36.86;3900;18.43;15.82;55085.88;2.95;0.10;49447.08;14.12;0.00
0.00;11964.00;DEFAULT_EDGEDATA;0;17.14;0;4938;791;0;0;2.86;4938;1.43;2.39;10796.10;24.09;0.83;1748.59;2.19;0.00
0.00;11964.00;DEFAULT_EDGEDATA;0;0.29;0;100;793;0;0;0.29;100;0.15;0.24;6.54;28.57;0.98;0.08;0.07;0.00
0.00;11964.00;DEFAULT_EDGEDATA;0;1.30;0;444;794;0;0;0.65;444;0.33;3.93;1666.48;28.46;0.98;16.78;3.75;0.00
0.00;11964.00;DEFAULT_EDGEDATA;0;11.66;0;3524;795;0;0;2.91;3524;1.46;1.82;5729.95;25.26;0.87;685.91;1.63;0.00
0.00;11964.00;DEFAULT_EDGEDATA;0;4.21;0;1295;796;0;0;2.10;1295;1.05;0.63;564.46;25.72;0.89;58.20;0.44;0.00
0.00;11964.00;DEFAULT_EDGEDATA;0;139.35;0;3996;798;0;0;34.84;3996;17.42;43.68;166219.17;2.40;0.08;152374.46;41.60;0.00
0.00;11964.00;DEFAULT_EDGEDATA;0;10.24;0;3164;80;0;0;5.12;3164;2.56;1.02;2614.08;25.83;0.89;268.17;0.83;0.00
0.00;11964.00;DEFAULT_EDGEDATA;0;29.82;0;715;800;0;0;14.91;715;7.45;29.96;19640.71;2.00;0.07;18273.99;27.47;0.00
0.00;11964.00;DEFAULT_EDGEDATA;0;10.13;0;3445;801;0;0;2.53;3445;1.27;3.84;12618.81;28.41;0.98;147.30;3.66;0.00
0.00;11964.00;DEFAULT_EDGEDATA;0;0.37;0;128;802;0;0;0.12;128;0.06;1.46;165.04;28.61;0.98;0.01;1.29;0.00
0.00;11964.00;DEFAULT_EDGEDATA;0;15.57;0;4770;803;0;0;5.19;4770;2.60;1.04;4009.10;25.60;0.88;443.03;0.84;0.00
0.00;11964.00;DEFAULT_EDGEDATA;0;146.75;0;3900;804;0;0;36.69;3900;18.34;8.31;23614.91;2.22;0.08;21793.59;6.06;0.00
0.00;11964.00;DEFAULT_EDGEDATA;0;120.27;0;3900;805;0;0;40.09;3900;20.05;11.16;36332.70;2.71;0.09;32913.46;9.32;0.00
0.00;11964.00;DEFAULT_EDGEDATA;0;122.28;0;3900;806;0;0;40.76;3900;20.38;8.39;25411.95;2.67;0.09;23059.81;6.52;0.00
0.00;11964.00;DEFAULT_EDGEDATA;0;87.82;0;2746;807;0;0;21.95;2746;10.98;18.93;46733.91;2.61;0.09;42487.38;17.02;0.00
0.00;11964.00;DEFAULT_EDGEDATA;0;15.51;0;4770;809;0;0;3.10;4770;1.55;10.70;50098.73;25.70;0.88;5368.28;10.50;0.00
0.00;11964.00;DEFAULT_EDGEDATA;0;44.68;0;5124;811;0;0;7.45;5124;3.72;5.82;27153.65;9.59;0.33;18097.47;5.30;0.00
0.00;11964.00;DEFAULT_EDGEDATA;0;131.13;0;3996;817;0;0;32.78;3996;16.39;23.95;87840.73;2.55;0.09;80065.82;21.98;0.00
0.00;11964.00;DEFAULT_EDGEDATA;0;3.37;0;1060;819;0;0;1.69;1060;0.84;1.49;1375.28;26.29;0.90;115.74;1.30;0.00
0.00;11964.00;DEFAULT_EDGEDATA;0;119.41;0;3996;82;0;0;29.85;3996;14.93;11.04;36972.06;2.80;0.10;33378.44;9.25;0.00
0.00;11964.00;DEFAULT_EDGEDATA;0;1.36;0;444;821;0;0;0.68;444;0.34;0.87;304.49;27.36;0.94;14.86;0.69;0.00
0.00;11964.00;DEFAULT_EDGEDATA;0;3.24;0;1030;823;0;0;1.08;1030;0.54;0.90;733.55;26.61;0.92;54.27;0.71;0.00
0.00;11964.00;DEFAULT_EDGEDATA;0;14.62;0;3900;824;0;0;14.62;3900;7.31;0.67;1750.47;22.30;0.77;395.03;0.45;0.00
0.00;11964.00;DEFAULT_EDGEDATA;0;4.50;0;1517;825;0;0;2.25;1517;1.13;1.28;1670.77;28.17;0.97;33.97;1.10;0.00
0.00;11964.00;DEFAULT_EDGEDATA;0;4.88;0;1647;826;0;0;2.44;1647;1.22;1.32;1886.73;28.21;0.97;39.30;1.15;0.00
0.00;11964.00;DEFAULT_EDGEDATA;0;150.97;0;3900;827;0;0;50.32;3900;25.16;29.21;104903.38;2.16;0.07;97038.26;26.90;0.00
0.00;11964.00;DEFAULT_EDGEDATA;0;0.09;0;32;831;0;0;0.02;32;0.01;1.76;50.52;28.32;0.97;0.00;1.58;0.00
0.00;11964.00;DEFAULT_EDGEDATA;0;11.71;0;3896;833;0;0;5.85;3896;2.93;5.42;20407.93;27.82;0.96;640.24;5.24;0.00
0.00;11964.00;DEFAULT_EDGEDATA;0;0.54;0;186;834;0;0;0.54;186;0.27;2.03;346.08;28.79;0.99;0.02;1.86;0.00
0.00;11964.00;DEFAULT_EDGEDATA;0;38.80;0;2746;835;0;0;9.70;2746;4.85;12.44;31843.13;5.92;0.20;25293.70;11.60;0.00
0.00;11964.00;DEFAULT_EDGEDATA;0;4.56;0;1517;837;0;0;2.28;1517;1.14;1.03;1285.83;27.83;0.96;41.11;0.85;0.00
0.00;11964.00;DEFAULT_EDGEDATA;0;101.40;0;3900;838;0;0;33.80;3900;16.90;18.02;64198.21;3.21;0.11;57031.90;16.46;0.00
0.00;11964.00;DEFAULT_EDGEDATA;0;3.58;0;1060;839;0;0;3.58;1060;1.79;1.47;1339.84;24.72;0.85;185.76;1.26;0.00
0.00;11964.00;DEFAULT_EDGEDATA;0;63.06;0;3896;842;0;0;15.76;3896;7.88;11.54;41185.17;5.16;0.18;33779.23;10.57;0.00
0.00;11964.00;DEFAULT_EDGEDATA;0;15.63;0;4770;843;0;0;5.21;4770;2.60;0.89;3309.76;25.51;0.88;376.73;0.69;0.00
0.00;11964.00;DEFAULT_EDGEDATA;0;3.41;0;1060;847;0;0;1.71;1060;0.85;1.87;1780.36;25.96;0.89;169.99;1.68;0.00
0.00;11964.00;DEFAULT_EDGEDATA;0;110.56;0;3900;85;0;0;36.85;3900;18.43;17.24;60620.51;2.95;0.10;54414.31;15.54;0.00
0.00;11964.00;DEFAULT_EDGEDATA;0;3.08;0;1030;851;0;0;1.54;1030;0.77;1.24;1092.65;27.98;0.96;28.73;1.06;0.00
0.00;11964.00;DEFAULT_EDGEDATA;0;68.18;0;3896;852;0;0;17.04;3896;8.52;13.01;46591.05;4.78;0.16;38841.83;11.96;0.00
0.00;11964.00;DEFAULT_EDGEDATA;0;7.69;0;2241;853;0;0;2.56;2241;1.28;1.10;2008.28;24.37;0.84;304.00;0.90;0.00
0.00;11964.00;DEFAULT_EDGEDATA;0;16.47;0;4938;854;0;0;2.75;4938;1.37;2.74;12554.03;25.06;0.86;1609.67;2.54;0.00
0.00;11964.00;DEFAULT_EDGEDATA;0;3.28;0;1030;855;0;0;1.09;1030;0.55;1.55;1400.23;26.28;0.90;119.74;1.36;0.00
0.00;11964.00;DEFAULT_EDGEDATA;715;2.10;0;715;856;0;0;2.10;0;1.05;1.27;780.27;28.53;0.98;7.62;1.09;0.00
0.00;11964.00;DEFAULT_EDGEDATA;4055;13.37;0;4055;857;0;0;6.68;0;3.34;1.39;4853.45;25.36;0.87;577.42;1.20;0.00
0.00;11964.00;DEFAULT_EDGEDATA;0;0.29;0;100;86;0;0;0.14;100;0.07;1.49;131.93;28.86;0.99;0.01;1.32;0.00
0.00;11964.00;DEFAULT_EDGEDATA;0;122.81;0;3996;862;0;0;30.70;3996;15.35;44.61;170924.96;2.72;0.09;154771.02;42.77;0.00
0.00;11964.00;DEFAULT_EDGEDATA;0;4.77;0;1517;864;0;0;2.38;1517;1.19;0.88;1048.33;26.60;0.92;78.51;0.69;0.00
0.00;11964.00;DEFAULT_EDGEDATA;0;0.03;0;12;865;0;0;0.02;12;0.01;1.22;12.54;28.89;0.99;0.00;1.05;0.00
0.00;11964.00;DEFAULT_EDGEDATA;0;7.30;0;2229;869;0;0;2.43;2229;1.22;1.16;2148.86;25.53;0.88;238.68;0.96;0.00
0.00;11964.00;DEFAULT_EDGEDATA;0;1.42;0;488;87;0;0;0.71;488;0.35;0.66;237.38;28.76;0.99;0.06;0.49;0.00
0.00;11964.00;DEFAULT_EDGEDATA;0;1.35;0;444;871;0;0;0.67;444;0.34;1.02;372.19;27.56;0.95;15.55;0.84;0.00
0.00;11964.00;DEFAULT_EDGEDATA;0;59.70;0;3896;873;0;0;14.93;3896;7.46;24.20;90695.08;5.45;0.19;73469.50;23.28;0.00
0.00;11964.00;DEFAULT_EDGEDATA;0;140.11;0;3900;876;0;0;35.03;3900;17.51;7.73;21774.65;2.33;0.08;20015.64;5.58;0.00
0.00;11964.00;DEFAULT_EDGEDATA;100;0.29;0;100;877;0;0;0.29;0;0.14;0.24;6.34;28.87;0.99;0.01;0.06;0.00
0.00;11964.00;DEFAULT_EDGEDATA;1960;5.78;0;1960;879;0;0;5.78;0;2.89;1.14;1891.38;28.34;0.98;28.24;0.96;0.00
0.00;11964.00;DEFAULT_EDGEDATA;0;11.95;0;3756;881;0;0;3.98;3756;1.99;1.37;4428.03;26.26;0.90;381.70;1.18;0.00
0.00;11964.00;DEFAULT_EDGEDATA;0;7.62;0;2361;882;0;0;7.62;2361;3.81;0.76;1349.05;25.88;0.89;134.75;0.57;0.00
0.00;11964.00;DEFAULT_EDGEDATA;0;1.46;0;488;885;0;0;1.46;488;0.73;1.08;439.42;27.92;0.96;12.90;0.90;0.00
0.00;11964.00;DEFAULT_EDGEDATA;0;26.55;0;3445;887;0;0;26.55;3445;13.28;2.32;6404.67;10.84;0.37;3988.67;1.86;0.00
0.00;11964.00;DEFAULT_EDGEDATA;0;4.13;0;1295;888;0;0;2.07;1295;1.03;0.85;859.69;26.18;0.90;74.77;0.66;0.00
0.00;11964.00;DEFAULT_EDGEDATA;0;1.47;0;488;893;0;0;1.47;488;0.73;2.31;1039.68;27.76;0.96;36.09;2.13;0.00
0.00;11964.00;DEFAULT_EDGEDATA;0;0.54;186;0;894;0;0;0.27;186;0.13;1.01;156.41;28.79;0.99;0.02;0.84;0.00
0.00;11964.00;DEFAULT_EDGEDATA;0;0.03;0;12;896;0;0;0.02;12;0.01;1.51;16.02;28.89;0.99;0.00;1.33;0.00
0.00;11964.00;DEFAULT_EDGEDATA;0;1.42;0;488;897;0;0;0.71;488;0.35;0.76;288.28;28.76;0.99;0.06;0.59;0.00
0.00;11964.00;DEFAULT_EDGEDATA;0;10.60;0;3445;898;0;0;2.65;3445;1.32;1.99;6232.77;27.18;0.94;340.46;1.81;0.00
0.00;11964.00;DEFAULT_EDGEDATA;0;68.00;0;3611;899;0;0;34.00;3611;17.00;23.78;81789.82;4.44;0.15;69176.58;22.65;0.00
0.00;11964.00;DEFAULT_EDGEDATA;0;3.25;0;1030;902;0;0;1.08;1030;0.54;1.35;1199.21;26.46;0.91;94.75;1.16;0.00
0.00;11964.00;DEFAULT_EDGEDATA;0;18.05;0;5124;908;0;0;3.01;5124;1.50;3.67;17710.73;23.73;0.82;3090.59;3.46;0.00
0.00;11964.00;DEFAULT_EDGEDATA;0;52.49;0;1182;909;0;0;52.49;1182;26.24;46.69;52045.68;1.88;0.06;48621.05;44.03;0.00
0.00;11964.00;DEFAULT_EDGEDATA;0;12.28;0;3524;91;0;0;3.07;3524;1.54;2.12;6742.96;23.98;0.83;1109.53;1.91;0.00
0.00;11964.00;DEFAULT_EDGEDATA;0;76.01;0;3896;911;0;0;19.00;3896;9.50;9.47;32366.96;4.28;0.15;27538.68;8.31;0.00
0.00;11964.00;DEFAULT_EDGEDATA;0;0.03;0;12;912;0;0;0.02;12;0.01;1.40;14.78;28.89;0.99;0.00;1.23;0.00
0.00;11964.00;DEFAULT_EDGEDATA;0;55.75;0;3896;913;0;0;27.87;3896;13.94;11.30;40706.01;5.84;0.20;32442.71;10.45;0.00
0.00;11964.00;DEFAULT_EDGEDATA;0;4.93;0;1504;914;0;0;2.47;1504;1.23;1.48;1926.98;25.49;0.88;216.59;1.28;0.00
0.00;11964.00;DEFAULT_EDGEDATA;0;3.23;0;1030;916;0;0;1.08;1030;0.54;7.89;7928.74;26.68;0.92;565.38;7.70;0.00
0.00;11964.00;DEFAULT_EDGEDATA;0;10.82;0;3164;918;0;0;2.70;3164;1.35;1.83;5128.61;24.45;0.84;763.76;1.62;0.00
0.00;11964.00;DEFAULT_EDGEDATA;0;1.49;0;488;919;0;0;1.49;488;0.74;0.99;393.46;27.46;0.94;17.84;0.81;0.00
0.00;11964.00;DEFAULT_EDGEDATA;0;1.32;0;444;921;0;0;0.66;444;0.33;1.53;598.35;28.09;0.97;13.68;1.35;0.00
0.00;11964.00;DEFAULT_EDGEDATA;0;71.00;0;3756;924;0;0;35.50;3756;17.75;8.83;28914.34;4.42;0.15;24465.20;7.70;0.00
0.00;11964.00;DEFAULT_EDGEDATA;0;10.17;0;3164;925;0;0;2.54;3164;1.27;1.72;4825.38;26.00;0.89;458.36;1.53;0.00
0.00;11964.00;DEFAULT_EDGEDATA;0;78.15;0;4024;926;0;0;19.54;4024;9.77;32.85;127530.04;4.30;0.15;108414.81;31.69;0.00
0.00;11964.00;DEFAULT_EDGEDATA;0;16.33;0;4770;928;0;0;5.44;4770;2.72;1.51;6226.32;24.41;0.84;946.67;1.31;0.00
0.00;11964.00;DEFAULT_EDGEDATA;0;0.37;0;128;93;0;0;0.37;128;0.19;0.67;63.67;28.61;0.98;0.02;0.50;0.00
0.00;11964.00;DEFAULT_EDGEDATA;0;65.72;0;3900;932;0;0;32.86;3900;16.43;29.99;113037.19;4.96;0.17;93569.18;28.98;0.00
0.00;11964.00;DEFAULT_EDGEDATA;0;16.13;0;4938;933;0;0;2.69;4938;1.34;2.12;9479.35;25.59;0.88;1038.40;1.92;0.00
0.00;11964.00;DEFAULT_EDGEDATA;0;3.18;0;1060;934;0;0;1.59;1060;0.80;2.89;2871.86;27.86;0.96;84.63;2.71;0.00
0.00;11964.00;DEFAULT_EDGEDATA;0;12.08;0;3968;935;0;0;2.01;3968;1.01;2.56;9425.99;27.45;0.94;412.11;2.38;0.00
0.00;11964.00;DEFAULT_EDGEDATA;0;1.42;0;488;936;0;0;0.71;488;0.35;1.49;641.04;28.76;0.99;0.06;1.31;0.00
0.00;11964.00;DEFAULT_EDGEDATA;0;354.10;0;8526;937;0;0;70.82;8526;35.41;18.41;135779.37;2.01;0.07;126279.11;15.93;0.00
0.00;11964.00;DEFAULT_EDGEDATA;0;3.43;0;1060;939;0;0;1.71;1060;0.86;1.40;1276.66;25.86;0.89;126.79;1.20;0.00
0.00;11964.00;DEFAULT_EDGEDATA;0;2.08;0;715;94;0;0;1.04;715;0.52;1.44;907.14;28.68;0.99;3.92;1.27;0.00
0.00;11964.00;DEFAULT_EDGEDATA;0;1.42;0;488;943;0;0;0.71;488;0.35;0.68;246.54;28.76;0.99;0.06;0.51;0.00
0.00;11964.00;DEFAULT_EDGEDATA;0;0.09;0;30;947;0;0;0.04;30;0.02;2.61;73.19;28.57;0.98;1.05;2.44;0.00
0.00;11964.00;DEFAULT_EDGEDATA;0;0.30;0;100;948;0;0;0.15;100;0.07;1.86;167.86;28.06;0.97;4.69;1.68;0.00
0.00;11964.00;DEFAULT_EDGEDATA;0;0.37;0;128;949;0;0;0.12;128;0.06;1.47;165.31;28.61;0.98;0.01;1.29;0.00
0.00;11964.00;DEFAULT_EDGEDATA;0;2.13;0;715;950;0;0;1.06;715;0.53;1.27;779.45;28.06;0.97;20.19;1.09;0.00
0.00;11964.00;DEFAULT_EDGEDATA;0;72.84;0;3900;951;0;0;36.42;3900;18.21;8.54;28958.11;4.48;0.15;24458.21;7.43;0.00
0.00;11964.00;DEFAULT_EDGEDATA;0;176.67;0;3756;955;0;0;44.17;3756;22.08;28.27;95602.66;1.78;0.06;89691.10;25.45;0.00
0.00;11964.00;DEFAULT_EDGEDATA;0;6.00;0;1774;956;0;0;6.00;1774;3.00;2.52;4119.07;24.72;0.85;579.27;2.32;0.00
0.00;11964.00;DEFAULT_EDGEDATA;0;139.54;0;6920;958;0;0;34.88;6920;17.44;30.36;201764.40;4.15;0.14;172680.85;29.16;0.00
0.00;11964.00;DEFAULT_EDGEDATA;0;49.15;0;3896;959;0;0;12.29;3896;6.14;15.28;56571.35;6.63;0.23;43520.33;14.52;0.00
0.00;11964.00;DEFAULT_EDGEDATA;0;101.17;0;4024;96;0;0;25.29;4024;12.65;27.41;104252.89;3.32;0.11;92182.58;25.91;0.00
0.00;11964.00;DEFAULT_EDGEDATA;0;0.09;0;32;960;0;0;0.09;32;0.05;1.27;35.07;28.32;0.97;0.00;1.10;0.00
0.00;11964.00;DEFAULT_EDGEDATA;0;0.09;0;30;962;0;0;0.04;30;0.02;1.91;52.07;28.57;0.98;0.75;1.74;0.00
0.00;11964.00;DEFAULT_EDGEDATA;0;1.36;0;444;964;0;0;0.68;444;0.34;3.52;1480.44;27.29;0.94;75.21;3.33;0.00
0.00;11964.00;DEFAULT_EDGEDATA;0;0.03;0;12;965;0;0;0.03;12;0.02;2.18;24.05;28.89;0.99;0.00;2.00;0.00
0.00;11964.00;DEFAULT_EDGEDATA;0;11.74;0;3524;966;0;0;2.94;3524;1.47;1.53;4694.13;25.09;0.86;590.64;1.33;0.00
0.00;11964.00;DEFAULT_EDGEDATA;0;7.50;0;2241;967;0;0;2.50;2241;1.25;1.06;1926.16;24.99;0.86;249.99;0.86;0.00
0.00;11964.00;DEFAULT_EDGEDATA;0;4.15;0;1295;968;0;0;2.08;1295;1.04;0.69;641.03;26.08;0.90;58.00;0.50;0.00
0.00;11964.00;DEFAULT_EDGEDATA;0;3.80;0;1030;970;0;0;1.27;1030;0.63;2.51;2358.45;22.68;0.78;496.84;2.29;0.00
0.00;11964.00;DEFAULT_EDGEDATA;0;3.33;0;1060;971;0;0;1.67;1060;0.83;1.00;862.00;26.59;0.91;63.70;0.81;0.00
0.00;11964.00;DEFAULT_EDGEDATA;0;77.70;3900;0;973;0;0;38.85;3900;19.43;12.40;43730.46;4.20;0.14;37360.52;11.21;0.00
0.00;11964.00;DEFAULT_EDGEDATA;0;79.96;0;3896;974;0;0;19.99;3896;9.99;11.43;39729.02;4.07;0.14;34094.86;10.20;0.00
0.00;11964.00;DEFAULT_EDGEDATA;0;119.32;0;3900;975;0;0;39.77;3900;19.89;10.33;33148.73;2.73;0.09;30004.41;8.50;0.00
0.00;11964.00;DEFAULT_EDGEDATA;0;7.37;0;2229;976;0;0;2.46;2229;1.23;1.08;1972.81;25.28;0.87;236.48;0.89;0.00
0.00;11964.00;DEFAULT_EDGEDATA;0;4.52;0;1517;977;0;0;2.26;1517;1.13;0.91;1116.74;28.05;0.97;27.18;0.74;0.00
0.00;11964.00;DEFAULT_EDGEDATA;0;5.39;0;1774;978;0;0;2.70;1774;1.35;1.61;2529.42;27.51;0.95;110.90;1.43;0.00
0.00;11964.00;DEFAULT_EDGEDATA;0;1.36;0;444;979;0;0;0.68;444;0.34;0.71;236.01;27.37;0.94;11.39;0.53;0.00
0.00;11964.00;DEFAULT_EDGEDATA;0;7.41;0;2229;980;0;0;2.47;2229;1.23;1.05;1893.86;25.15;0.87;235.15;0.85;0.00
0.00;11964.00;DEFAULT_EDGEDATA;0;11.08;0;3164;981;0;0;5.54;3164;2.77;2.62;7625.30;23.87;0.82;1301.83;2.41;0.00
0.00;11964.00;DEFAULT_EDGEDATA;0;15.90;0;4998;983;0;0;2.65;4998;1.33;2.17;9872.68;26.27;0.90;837.57;1.98;0.00
0.00;11964.00;DEFAULT_EDGEDATA;0;5.30;0;1774;984;0;0;2.65;1774;1.32;1.70;2704.80;27.98;0.96;74.14;1.52;0.00
0.00;11964.00;DEFAULT_EDGEDATA;0;191.99;0;3756;985;0;0;48.00;3756;24.00;38.06;131453.96;1.64;0.06;123973.92;35.00;0.00
0.00;11964.00;DEFAULT_EDGEDATA;0;4.89;0;1504;987;0;0;2.45;1504;1.22;1.52;1998.76;25.70;0.88;209.81;1.33;0.00
0.00;11964.00;DEFAULT_EDGEDATA;0;2.14;0;714;988;0;0;1.07;714;0.54;1.21;733.28;27.88;0.96;25.07;1.03;0.00
0.00;11964.00;DEFAULT_EDGEDATA;0;4.89;0;1647;989;0;0;2.45;1647;1.22;0.78;989.97;28.15;0.97;22.89;0.60;0.00
0.00;11964.00;DEFAULT_EDGEDATA;0;3.30;0;1030;990;0;0;1.65;1030;0.82;1.95;1807.45;26.11;0.90;165.23;1.75;0.00
0.00;11964.00;DEFAULT_EDGEDATA;0;26.92;0;8526;991;0;0;5.38;8526;2.69;2.03;15701.49;26.48;0.91;1248.46;1.84;0.00
0.00;11964.00;DEFAULT_EDGEDATA;0;0.37;0;128;992;0;0;0.12;128;0.06;1.36;152.32;28.57;0.98;0.21;1.19;0.00
0.00;11964.00;DEFAULT_EDGEDATA;0;17.97;0;4770;993;0;0;5.99;4770;2.99;4.77;21672.06;22.19;0.76;4964.37;4.54;0.00
0.00;11964.00;DEFAULT_EDGEDATA;0;0.29;0;100;996;0;0;0.29;100;0.15;0.32;14.32;28.56;0.98;0.16;0.14;0.00
0.00;11964.00;DEFAULT_EDGEDATA;0;4.60;0;1517;997;0;0;2.30;1517;1.15;0.95;1164.99;27.58;0.95;47.44;0.77;0.00
0.00;11964.00;DEFAULT_EDGEDATA;0;12.94;0;3968;998;0;0;2.16;3968;1.08;2.43;8854.10;25.62;0.88;951.53;2.23;0.00
0.00;11964.00;DEFAULT_EDGEDATA;0;0.09;0;32;999;0;0;0.02;32;0.01;1.32;36.56;28.32;0.97;0.00;1.14;0.00
