edge_id,edge_from,edge_to,edge_length,edge_numLanes,edge_speed,flow,vehicle_speed
0,1614922744,1614922747,23.14193894035833,2,29.0576,0.0,0.0
1,269459339,269459341,60.82639799579684,5,29.0576,14274.0,25.65
2,1621320618,1621320622,109.46496614412192,2,29.0576,1149.0,27.7
3,269459229,269459230,160.72064533082346,3,29.0576,7974.0,25.03
4,607954833,1613371666,173.0177062695189,3,29.0576,6504.0,26.02
5,4055678332,807631221,53.845946059546144,4,29.0576,11274.0,26.01
6,268538950,1614922891,105.71026949263089,4,29.0576,16992.0,26.52
7,1613371754,1613371761,78.96506974414679,3,29.0576,7344.0,26.29
8,1614923010,1614923008,7.941130461025734,1,29.0576,531.0,28.28
9,317643895,317643896,33.51002724442035,3,29.0576,1479.0,28.45
10,1997429756,1997429749,28.741386533165795,2,29.0576,609.0,26.66
11,404828672,404828674,58.04146875912769,4,29.0576,0.0,26.78
12,2358067024,269459236,24.88586482160957,3,29.0576,7077.0,25.91
13,72744120,72743927,55.1919407674255,2,29.0576,6738.0,26.74
14,2358067026,268538920,21.802207365426025,3,29.0576,3765.0,27.49
15,268538665,268538666,32.670138494276884,1,29.0576,51.0,28.69
16,338507115,338507116,10.032723141148844,4,29.0576,2613.0,27.94
17,269459425,269459426,20.168741665225777,2,29.0576,855.0,28.59
18,317640401,317640716,24.47142105835709,3,29.0576,2280.0,28.08
19,317640401,317641203,46.65159025729162,1,29.0576,945.0,27.89
20,2351053412,2351053233,17.390999932921087,2,29.0576,4557.0,27.24
21,16582685,607954833,82.83580167662717,3,29.0576,6483.0,26.31
22,269459287,269459288,17.88337864862518,2,29.0576,810.0,27.27
23,6833701513,1614922731,8.338476871073944,2,29.0576,1956.0,27.68
24,2358067021,268538941,16.898468882436436,3,29.0576,4485.0,27.37
25,268539967,372968829,11.11136761668187,1,29.0576,81.0,28.92
26,7159741550,1614922818,3.779337113182924,1,29.0576,279.0,28.64
27,2351071530,2351071550,27.66559337066911,3,29.0576,1956.0,28.25
28,363433967,72602888,52.72201293474377,2,29.0576,1422.0,27.45
29,2358067014,404827084,10.950337869500496,2,29.0576,4959.0,26.72
30,317645260,317645261,37.17806310613524,3,29.0576,3531.0,26.96
31,317643110,910997750,38.86208963154789,2,29.0576,3036.0,27.69
32,1621320652,1621320650,8.763698729604267,2,29.0576,603.0,28.52
33,1613371686,1613371696,49.39727282398285,3,29.0576,6726.0,25.57
34,271049967,6833701511,3.7479519220770743,2,29.0576,1149.0,27.76
35,1614922823,1614922826,21.58907816181212,1,29.0576,2376.0,26.95
36,353034891,353035386,27.093064727896685,2,29.0576,1902.0,27.43
37,1969136948,1613580550,39.8585922658673,3,29.0576,5586.0,28.3
38,2351053336,268648979,16.59370351583837,2,29.0576,1842.0,28.35
39,268539536,268539537,46.84710774850431,1,29.0576,1386.0,27.83
40,268538668,268538752,23.98258204262588,2,29.0576,3843.0,27.19
41,317640722,317640723,36.20559253571688,3,29.0576,1728.0,27.63
42,268539390,268539391,25.449011990185745,4,29.0576,11700.0,25.84
43,2351053429,2351053222,15.093868627725657,1,29.0576,75.0,28.98
44,269459235,2358067024,24.99800222028653,3,29.0576,7434.0,25.87
45,317643108,317643109,41.471076086543086,2,29.0576,3036.0,27.93
46,268537945,268537922,183.13546299260648,2,29.0576,1161.0,27.92
47,269459084,269459161,38.52939781696384,5,29.0576,13149.0,24.87
48,1614922743,1614922745,41.62593872129922,2,29.0576,636.0,28.5
49,6876014918,1614922914,23.51513099050656,1,29.0576,654.0,26.65
50,269460853,269460854,23.991302170020216,2,29.0576,2727.0,17.72
51,268539396,268539387,42.83287571506242,4,29.0576,11688.0,25.47
52,269460934,269460935,40.48977475904981,1,29.0576,105.0,28.73
53,6876014908,268539329,23.62286337638197,1,29.0576,93.0,29.35
54,7056145721,1614922732,7.880393577768079,2,29.0576,2298.0,27.78
55,1621320658,1621320652,11.05655938987706,2,29.0576,567.0,28.51
56,604238309,604238310,5.451971607171034,2,29.0576,42.0,29.31
57,326725084,1884813424,76.07870314549902,2,29.0576,0.0,0.0
58,317643101,317643102,20.64595338499899,2,29.0576,1488.0,28.51
59,36729585,36729574,90.21675619237672,3,29.0576,3972.0,26.17
60,540985730,540985737,16.63682165645361,2,29.0576,1335.0,27.49
61,2351053312,268648895,22.946742148963107,2,29.0576,0.0,0.0
62,2351053272,268643594,18.13687185279712,2,29.0576,1200.0,28.69
63,283382571,283382572,30.55138526770417,5,29.0576,11352.0,25.4
64,283382572,283382628,40.39562648122763,5,29.0576,9831.0,26.16
65,68267437,1614923029,114.3678022094808,4,29.0576,11886.0,5.78
66,268539966,268539967,10.355915495366547,1,29.0576,81.0,28.92
67,72744388,72744401,30.24025398172123,1,29.0576,0.0,0.0
68,2351071543,2351071535,25.718072074186114,4,29.0576,12636.0,27.35
69,317644071,317644072,13.849548869316273,2,29.0576,0.0,0.0
70,19365022,653767,125.72346967168716,5,29.0576,8358.0,26.68
71,283382575,283382636,56.77884008937824,5,29.0576,8541.0,26.04
72,269459496,38454765,31.62775421837045,2,29.0576,0.0,0.0
73,540985396,540985403,22.54316197520849,2,29.0576,1425.0,27.7
74,6883792581,6883792583,4.982680106681777,1,29.0576,891.0,27.42
75,317810971,317810972,53.68355028962039,2,29.0576,837.0,28.11
76,269459490,269459491,21.680594729993736,2,29.0576,0.0,0.0
77,607902543,4020085075,63.21710906695803,2,29.0576,1230.0,28.4
78,1614922812,4621006497,6.927917126438299,1,29.0576,45.0,29.02
79,317643106,317643107,29.03248745050187,2,29.0576,3036.0,28.3
80,269459422,269459424,21.337843701721496,2,29.0576,816.0,28.62
81,6833701510,271049967,3.094054131838768,2,29.0576,1131.0,27.0
82,268539762,20972371,25.87668988588937,4,29.0576,11886.0,26.89
83,268539762,268539781,42.75863917289809,2,29.0576,2151.0,28.25
84,1614922814,4621006496,5.3756087903834135,1,29.0576,57.0,29.02
85,317650702,317650658,45.82835196551879,3,29.0576,2703.0,27.16
86,5689452775,1614922951,38.08490540809216,2,29.0576,507.0,28.88
87,2351053442,268648978,13.992513406694671,2,29.0576,1671.0,28.51
88,4020085081,6481779969,20.08794430848779,2,29.0576,0.0,0.0
89,1614923056,2351053305,14.285593298036527,1,29.0576,159.0,28.63
90,269460931,269460932,43.93624120351267,1,29.0576,183.0,28.7
91,353034594,353034595,45.87701711223389,4,29.0576,13311.0,24.91
92,2351053431,268644696,14.100371796426344,1,29.0576,948.0,27.05
93,268539958,6883792587,14.230983038847835,1,29.0576,1701.0,27.05
94,1614923058,4019941243,36.39428403501603,2,29.0576,2145.0,27.28
95,317643902,4065544418,58.77954007215628,2,29.0576,3306.0,27.19
96,1614922982,20972370,86.13198304367856,4,29.0576,12102.0,19.79
97,1614922982,1614922988,19.608243055989863,1,29.0576,696.0,27.44
98,7056145720,1614922733,7.179658132232241,2,29.0576,2418.0,28.33
99,2894755458,6849087045,11.31323069026304,2,29.0576,2052.0,28.25
100,1613580566,1613580564,25.43115478331043,2,29.0576,2928.0,26.95
101,1615052982,317643322,24.89007387304706,1,29.0576,0.0,28.36
102,15717259,268539963,12.720654365322249,1,29.0576,0.0,28.6
103,365786988,20972369,76.97268818648193,4,29.0576,11559.0,24.86
104,317650697,317650698,25.555022304688727,3,29.0576,2028.0,28.26
105,2358067006,268538936,19.37459810530103,3,29.0576,7575.0,26.05
106,1614922929,268539761,44.54432400584271,2,29.0576,948.0,27.07
107,1614922749,1614922748,31.74114141527765,2,29.0576,504.0,28.33
108,269460928,269460929,31.56285720333539,1,29.0576,183.0,28.74
109,268539970,268539956,17.735786569536675,1,29.0576,81.0,23.7
110,1969136943,1613371722,93.66847601112757,3,29.0576,5415.0,27.61
111,269459502,269459503,22.04831546496334,2,29.0576,6063.0,26.13
112,268537916,268537917,52.45701249921612,6,29.0576,11874.0,27.08
113,1614923005,1614923004,10.778898272434663,1,29.0576,0.0,0.0
114,269459076,269459077,12.675680994362311,1,29.0576,0.0,0.0
115,38454765,1997432689,26.2554820940297,2,29.0576,0.0,0.0
116,269459332,4065544424,42.55836850166232,4,29.0576,8646.0,25.34
117,1613580546,1614922758,33.9682350492128,3,29.0576,4809.0,26.82
118,2351053406,2351053200,12.808719109858648,1,29.0576,7725.0,21.87
119,540985389,540985396,25.79340897477044,2,29.0576,1431.0,27.8
120,1614923028,1614923023,38.886412116726845,2,29.0576,1158.0,28.11
121,269459227,807592312,69.04013622214983,4,29.0576,10611.0,23.88
122,326711221,326712429,64.01283030776302,4,29.0576,13614.0,24.03
123,353033941,353033940,25.14804477715016,2,29.0576,381.0,28.09
124,6390186633,6390186634,8.073317738739522,2,29.0576,228.0,28.15
125,269459421,269459422,29.11181325048889,2,29.0576,816.0,28.62
126,4020085070,1614922744,20.83974310451024,2,29.0576,0.0,0.0
127,353033060,353033061,65.91081444006558,6,29.0576,14607.0,23.68
128,363467641,653768,145.52355158417564,5,29.0576,8898.0,25.7
129,2351071550,268644785,25.878656980651037,3,29.0576,1908.0,28.22
130,326746173,546611053,32.13783223804023,2,29.0576,3162.0,27.2
131,540985780,540985792,46.88088754380626,2,29.0576,1467.0,27.37
132,269459226,269459227,52.37113978188864,4,29.0576,10614.0,24.6
133,6849087041,495807636,8.16403194028351,2,29.0576,252.0,28.69
134,268539329,268538960,45.7742439765054,1,29.0576,93.0,28.03
135,1614922815,4020085082,23.09874526264112,1,29.0576,69.0,29.0
136,269459512,269459513,30.554011408748455,2,29.0576,6555.0,25.36
137,806547128,2351053367,13.567417037279998,2,29.0576,1236.0,28.29
138,268539965,6883792578,6.799691530852674,1,29.0576,81.0,28.91
139,2351053198,1614923048,65.70419689091689,1,29.0576,516.0,28.54
140,2351053379,2351053499,41.759731365341786,2,29.0576,3405.0,28.76
141,1884813424,1884813423,13.366480540438356,1,29.0576,0.0,0.0
142,1884813424,21420438,61.49056170831324,1,29.0576,0.0,0.0
143,69275584,6390186633,9.885694161866237,2,29.0576,228.0,28.43
144,269460933,269460934,40.48056787946432,1,29.0576,114.0,28.56
145,1614922773,4020085076,51.65497913453175,2,29.0576,195.0,28.6
146,69004190,1347515619,76.73778380799797,4,29.0576,13056.0,23.74
147,1614923037,2351053324,8.23707440967945,1,29.0576,3447.0,27.8
148,269459396,269459397,37.83348355709148,2,29.0576,2487.0,28.07
149,1614922793,4020085079,22.561770282394267,2,29.0576,48.0,28.57
150,268538920,2358067009,21.64074785087152,3,29.0576,3405.0,27.64
151,540985446,540985467,16.840111096609675,2,29.0576,1398.0,27.7
152,317650658,317650659,42.95449676819271,3,29.0576,5691.0,27.88
153,4020085071,1614922742,46.25324855917996,1,29.0576,507.0,28.43
154,317650556,1615052988,38.46906763734114,5,29.0576,11649.0,25.86
155,7159741546,1614922820,9.54849311607623,1,29.0576,300.0,28.44
156,1614922750,1614922751,79.40473623631432,2,29.0576,1278.0,28.21
157,4020085079,1614922798,48.62896988127549,2,29.0576,48.0,28.57
158,910997507,317643108,29.56136728403968,2,29.0576,3036.0,28.06
159,1614923032,2351053479,22.77943549138764,1,29.0576,3783.0,27.67
160,1614923032,2351053379,20.43174746137229,2,29.0576,3621.0,28.77
161,1621320610,1621320612,5.315897391256448,2,29.0576,1149.0,28.51
162,269460523,269460527,187.2719448199677,2,29.0576,3618.0,26.56
163,20948456,653771,54.41198492630557,5,29.0576,12117.0,25.03
164,4065544423,269459296,44.063822756633456,1,29.0576,810.0,27.47
165,2894755454,123422870,35.14685511414015,5,20.1168,369.0,19.76
166,269459225,269459226,41.15700166795505,4,29.0576,10740.0,25.3
167,353033059,353033060,108.15478192884147,6,29.0576,14601.0,25.21
168,269460920,353033055,92.94222715297596,6,29.0576,16410.0,24.89
169,4074022322,368062278,50.90779060047981,4,29.0576,1077.0,28.57
170,2358067011,268538923,21.424269205582,3,29.0576,6840.0,26.94
171,372968829,268539968,7.923906055843699,1,29.0576,81.0,28.91
172,317643896,317643897,30.633587499415277,3,29.0576,1479.0,28.23
173,1621320682,1621320675,11.523425070636144,2,29.0576,543.0,28.56
174,317643332,317643333,14.078972102117818,1,29.0576,957.0,27.1
175,317644085,317644086,9.511760862220116,2,29.0576,0.0,0.0
176,1614922765,1614922773,29.876871264684585,2,29.0576,186.0,28.58
177,268539759,268539761,76.22101614890536,4,29.0576,12669.0,23.83
178,38504672,363468866,207.42212450036308,2,29.0576,1656.0,28.1
179,269461338,269461339,52.54835820459265,2,29.0576,2856.0,27.44
180,317643337,317643104,52.54743728535506,1,29.0576,1497.0,27.64
181,268537921,268537922,145.068195341237,6,29.0576,14946.0,25.39
182,338507108,338507109,21.07910398096069,4,29.0576,4428.0,27.74
183,10559936,250056463,73.17100459437158,4,29.0576,9396.0,26.59
184,269459378,269460527,172.8957604598004,3,29.0576,5928.0,25.75
185,14941348,807592268,51.60747366541908,2,29.0576,3288.0,27.67
186,268538960,268538950,57.246972010880384,4,29.0576,11862.0,23.33
187,268644721,268644978,92.08513334810708,1,29.0576,591.0,28.57
188,268537914,268537915,55.63290082895273,6,29.0576,0.0,26.98
189,268539952,268539953,11.222791506724183,1,29.0576,1620.0,28.14
190,268539968,268539969,8.666091942396271,1,29.0576,81.0,28.92
191,326711425,326711221,122.32999385934087,4,29.0576,13479.0,25.21
192,72602764,1614922741,152.05674237080095,2,29.0576,390.0,28.71
193,72602764,19365022,125.49564740996117,5,29.0576,8034.0,27.29
194,269460522,269460523,48.22586086633047,2,29.0576,3618.0,26.99
195,338507110,338507111,12.145892450276545,4,29.0576,3987.0,27.65
196,1614922953,1614922956,46.30733855249223,2,29.0576,4029.0,27.48
197,6390186634,1614922783,8.2184210080585,2,29.0576,261.0,28.31
198,1613371651,1613371645,45.05696362914816,3,29.0576,3693.0,26.25
199,268649513,806547083,9.210922563219912,2,29.0576,1917.0,27.72
200,653764,910997771,47.34277042289924,5,29.0576,6648.0,27.39
201,1838308388,1838308389,40.72081335487374,1,29.0576,0.0,0.0
202,317644068,317644069,40.753994797278565,1,29.0576,0.0,0.0
203,2358067009,2358067008,43.34128601551073,3,29.0576,3369.0,25.87
204,1614923045,1614923043,5.652417361834971,2,29.0576,3066.0,28.76
205,317643326,317643327,9.544555444917265,1,29.0576,639.0,28.58
206,317643900,653764,46.38801020500873,5,29.0576,5970.0,27.74
207,271054161,271054229,73.57515678463132,3,29.0576,0.0,28.56
208,317650661,317650662,18.934573355282968,3,29.0576,5997.0,27.29
209,540985748,540985771,24.177783298783915,2,29.0576,1467.0,27.59
210,6876014935,6876014936,19.318460701151004,2,29.0576,594.0,28.64
211,4020085073,72744345,27.331498677243065,2,29.0576,0.0,0.0
212,1615052989,1832222747,42.01763103319804,6,29.0576,15099.0,26.16
213,1614922956,2358067016,236.3167704901603,2,29.0576,4029.0,26.95
214,1347515636,268538952,28.659475164533976,4,29.0576,11850.0,26.06
215,269459073,269459074,9.664638536833635,1,29.0576,0.0,0.0
216,317643325,317643326,10.42588093493244,1,29.0576,369.0,26.65
217,2351053446,268645017,67.46413472905763,3,29.0576,2943.0,28.46
218,1614922837,1614922843,27.32187342681372,1,29.0576,2397.0,25.57
219,4020085082,122482411,13.4696710440896,2,29.0576,75.0,29.0
220,317645243,317645259,49.954301391827,3,29.0576,3561.0,27.43
221,1614922821,1614922823,31.80200901279437,1,29.0576,2013.0,25.97
222,1613371655,1614922739,89.78435734505115,2,29.0576,0.0,0.0
223,1613371655,16582685,258.4842070152355,3,29.0576,6465.0,26.83
224,1613371763,1613371771,211.8575437874183,3,29.0576,7224.0,24.49
225,268539969,372968833,9.321055690447894,1,29.0576,81.0,28.92
226,540985438,540985446,31.634678971213496,2,29.0576,1440.0,27.51
227,1969136994,1969136992,31.158287198459725,2,29.0576,2769.0,20.44
228,269459398,269459399,24.71015373587775,2,29.0576,1512.0,28.16
229,363429677,910997351,35.26207752863625,5,29.0576,6699.0,27.04
230,1614922746,38504569,22.217602495336266,2,29.0576,957.0,28.36
231,4020471402,2351053517,64.18861960629509,4,29.0576,2538.0,28.53
232,1614922742,1614922738,110.587429597141,1,29.0576,528.0,28.39
233,604319666,6876014906,118.69899446002104,4,29.0576,6342.0,27.78
234,604319666,6876014905,58.93824713877203,2,29.0576,6825.0,26.32
235,269459504,269459505,21.12318470098505,2,29.0576,6333.0,25.92
236,1613371775,1613371776,73.76188427198261,6,29.0576,14979.0,22.96
237,2358067027,268538940,16.689227070457775,3,29.0576,4467.0,27.79
238,1613371685,1613580546,79.48513546259194,3,29.0576,4836.0,26.32
239,326725280,326725281,67.1630606028381,2,29.0576,810.0,28.72
240,317641213,317641214,15.006728617369108,2,29.0576,507.0,28.66
241,21150968,6876014935,13.723855335313198,2,29.0576,0.0,28.81
242,317643330,317643331,11.869072759801137,1,29.0576,957.0,28.3
243,6964842136,1613371746,19.317724115570456,2,29.0576,3264.0,27.17
244,317810974,317648078,30.734096089218543,2,29.0576,618.0,28.18
245,1614923053,14941348,48.06676918657863,2,29.0576,3174.0,27.64
246,268538832,268539307,16.813069523830208,1,29.0576,0.0,29.15
247,269459401,269459402,114.45878409699144,2,29.0576,567.0,28.54
248,317643322,317643323,14.720598923618654,1,29.0576,369.0,28.82
249,268539963,268539964,10.14113861024038,1,29.0576,81.0,28.91
250,2358067018,558487390,72.23508920779628,5,29.0576,15093.0,25.83
251,269460849,269460850,56.49021324113758,2,29.0576,2802.0,27.84
252,404827081,404827082,10.947023146104272,2,29.0576,4959.0,26.8
253,317643335,317643336,17.103509718936483,1,29.0576,1227.0,28.32
254,269459342,269459084,66.84869548905169,5,29.0576,13689.0,25.36
255,269460521,269460522,21.75329181277709,2,29.0576,3618.0,27.06
256,1614922820,1614922823,65.13185766756801,1,29.0576,324.0,27.22
257,1621320645,353033065,83.21861934432955,1,29.0576,1149.0,27.51
258,2974954238,2974954237,34.15755725385901,2,29.0576,3759.0,26.33
259,540985818,2358067018,26.74392286819673,5,29.0576,16431.0,27.68
260,1621320692,1621320682,45.90797700441134,2,29.0576,498.0,28.56
261,269460945,269460946,52.66499838682659,6,29.0576,16614.0,25.65
262,326746165,326746167,18.0634939335603,2,29.0576,2859.0,27.58
263,1738813601,1614923029,84.20261178155076,1,29.0576,0.0,0.0
264,268538934,2358067020,21.59944247144845,3,29.0576,7233.0,26.2
265,268649369,268649418,33.966399626488304,3,29.0576,2196.0,28.59
266,317641210,317641212,33.61678354844194,1,29.0576,528.0,28.24
267,269459079,269459080,14.27476469033132,1,29.0576,0.0,0.0
268,1614922843,1614922854,34.230934244758906,1,29.0576,2436.0,15.76
269,1613580564,1613580561,19.8997608787954,2,29.0576,2928.0,26.94
270,268539658,268539659,70.56925377116053,4,29.0576,11985.0,25.04
271,1614922946,5731678872,46.26447776223807,4,29.0576,1662.0,28.23
272,1614922946,338507120,23.560399160288327,1,29.0576,828.0,27.68
273,4065544421,20948456,54.6919930987214,5,29.0576,11847.0,24.42
274,1997429742,1621320600,17.76960449967276,2,29.0576,687.0,28.31
275,317643094,1839684627,16.97779437953941,3,29.0576,0.0,28.55
276,1614922856,268539330,14.784957915504638,4,20.1168,5853.0,18.93
277,1614922856,72743927,46.79967406472956,4,20.1168,3564.0,18.92
278,1832222753,38454761,51.6543359251287,4,29.0576,12120.0,25.27
279,353034024,353033944,27.745453897147428,2,29.0576,390.0,28.21
280,4065544418,910997614,13.407397394201029,2,29.0576,3627.0,26.61
281,2358067017,268538932,50.770927645574325,3,29.0576,6837.0,26.04
282,268538746,268538747,34.72959493205064,2,29.0576,2763.0,27.45
283,269459230,269459231,26.466736070163257,3,29.0576,7995.0,25.8
284,268538904,268538905,80.15385126989783,2,29.0576,6663.0,21.82
285,271049968,6833701510,3.3538033375210885,2,29.0576,1002.0,27.6
286,271054229,1615052986,80.68739244591382,3,29.0576,888.0,28.69
287,540985379,540985381,96.27835967015456,2,29.0576,2301.0,27.5
288,1614922993,1614922995,9.061224271068758,1,29.0576,657.0,28.41
289,363477990,283382639,91.81984443130608,4,29.0576,7269.0,27.23
290,363477990,363478926,110.86836313815492,2,29.0576,2031.0,28.29
291,317645436,317645437,78.54737540386482,3,29.0576,3255.0,25.87
292,72744401,607954827,25.19204851525796,1,29.0576,0.0,0.0
293,269459069,269459072,12.739086540303406,1,29.0576,0.0,0.0
294,2351053334,1614923047,6.074395191343437,2,29.0576,1626.0,28.82
295,317810972,317810973,41.73871799806268,2,29.0576,822.0,28.01
296,1613371699,1613371703,76.73001642906708,3,29.0576,6864.0,25.07
297,1614923023,1614923017,48.08307631605433,2,29.0576,1461.0,28.19
298,1614922819,7159741546,9.871057231051983,1,29.0576,300.0,28.6
299,1832222751,38454763,43.02045517785509,4,29.0576,10545.0,25.11
300,317643102,317643104,51.87434944450007,2,29.0576,1488.0,27.8
301,1614922848,1614922849,20.072607769946405,2,29.0576,3453.0,27.43
302,1621320663,1621320658,9.765125967139578,2,29.0576,543.0,28.44
303,338507121,338507122,6.3861308484277775,1,29.0576,816.0,28.22
304,317650660,317650661,23.67098903194337,3,29.0576,5898.0,27.33
305,317643883,317643895,32.29416026675756,3,29.0576,1479.0,28.49
306,20972376,36729585,82.7936276546556,3,29.0576,4032.0,26.37
307,268539387,365786986,69.75434998121045,4,29.0576,11643.0,24.0
308,910997524,317643899,45.58285405817232,3,29.0576,1749.0,28.19
309,5731678873,4019953153,31.83397991966723,2,29.0576,882.0,27.93
310,269459424,269459425,43.29084364239517,2,29.0576,816.0,28.58
311,495807636,3332400452,8.781933522996496,2,29.0576,270.0,28.64
312,1614922745,4020085072,10.443953479307742,2,29.0576,684.0,28.53
313,317643897,910997524,53.35147892678905,3,29.0576,1749.0,28.33
314,269460937,269460938,30.579167674474743,1,29.0576,87.0,28.76
315,2351053448,1614923041,6.382865293980465,1,29.0576,3186.0,27.89
316,1614922954,1614922934,55.30413727343708,1,29.0576,756.0,28.31
317,653786,1613371774,666.9423647177618,6,29.0576,15390.0,23.68
318,353034883,353034884,65.78168123774643,2,29.0576,1875.0,27.82
319,268538916,2358067023,21.348287846492383,3,29.0576,5865.0,26.51
320,1621320694,6876014934,44.097749455307245,2,29.0576,822.0,28.64
321,6883792582,6883792581,5.4764049474631324,1,29.0576,891.0,28.38
322,2351071549,2351071547,37.77540146169552,3,29.0576,3825.0,27.78
323,21420437,326725084,70.31133545643753,2,29.0576,0.0,0.0
324,653766,317650521,48.07088412896509,5,29.0576,13077.0,23.04
325,269459234,269459235,25.85298180364148,3,29.0576,7401.0,25.94
326,317642130,317642131,28.31588815006888,3,29.0576,837.0,28.66
327,604238447,269459507,13.94107679733365,2,29.0576,6285.0,25.79
328,317640721,317640722,26.629509660923063,3,29.0576,1779.0,27.7
329,268538758,268538759,61.52499457055468,2,29.0576,3690.0,26.54
330,2351053287,2351053431,12.864216813588277,2,29.0576,960.0,28.52
331,6883792583,1614922968,8.274747535143685,1,29.0576,891.0,27.27
332,540985467,540985476,20.02412273399933,2,29.0576,1311.0,27.73
333,1614922985,268538749,24.168268782028637,2,29.0576,969.0,26.16
334,3332400452,2894755454,7.263684380168466,2,29.0576,339.0,28.39
335,317643882,317643883,18.369812404748675,3,29.0576,1158.0,28.24
336,1614922897,6876014910,13.011854432609528,2,29.0576,837.0,28.66
337,268538753,268538754,68.97879744402266,2,29.0576,3795.0,27.04
338,2351053327,2351053192,15.425872305639812,2,29.0576,2073.0,28.08
339,19365037,1613371720,103.72213911239132,5,29.0576,14481.0,24.49
340,72602888,21420499,71.63521027140624,5,29.0576,11265.0,26.45
341,1613371701,19365035,108.36528846581268,5,29.0576,14769.0,23.76
342,326746167,326746169,20.70607308695996,2,29.0576,2859.0,27.54
343,36729574,1613371652,188.1559125266856,3,29.0576,3816.0,26.12
344,268539307,268539308,58.681254016901256,1,29.0576,93.0,29.36
345,268538933,268538934,22.261834190907788,3,29.0576,7125.0,26.17
346,37976436,2351053406,28.270691503055453,1,29.0576,7725.0,19.32
347,37976436,2351071555,18.464503753268584,3,29.0576,3723.0,28.71
348,268649546,4020471402,22.18180879587866,2,29.0576,2496.0,28.18
349,1966358992,604238307,16.905345141465194,2,29.0576,0.0,29.3
350,317642133,317642134,36.971892823100674,3,29.0576,1086.0,28.6
351,540985808,540985812,23.170972145654485,2,29.0576,1638.0,27.4
352,268539953,268539954,13.55855339760812,1,29.0576,1620.0,28.12
353,269460896,269460897,12.791564810662988,1,29.0576,933.0,28.42
354,6849087043,268539788,7.544991516909391,2,29.0576,192.0,28.42
355,1613371703,1613371721,131.85573565141885,3,29.0576,6882.0,25.2
356,268538919,2358067026,22.22643717427734,3,29.0576,4170.0,27.32
357,1613371752,1613371754,84.46435494076185,3,29.0576,7470.0,26.82
358,363429192,363467641,146.4908352030393,5,29.0576,8898.0,26.09
359,1621320675,1621320670,8.97911426701134,2,29.0576,543.0,28.49
360,269459508,269459509,24.695949268858783,2,29.0576,6285.0,25.66
361,6964842137,268538903,23.073613181917093,2,29.0576,6375.0,25.66
362,2351053474,268649369,19.67120726110804,3,29.0576,0.0,27.35
363,268649418,2351071537,35.048767237085336,3,29.0576,2331.0,28.41
364,338507109,338507110,34.85597642712287,4,29.0576,4356.0,27.62
365,317645259,317645260,37.10788497342868,3,29.0576,3540.0,27.2
366,353034887,353034889,53.24433779670081,2,29.0576,1875.0,27.61
367,269459433,1614922996,42.80563405000659,2,29.0576,855.0,27.65
368,2351053405,2351053327,16.98878777080717,2,29.0576,2016.0,28.08
369,35361362,319435660,299.44646460577457,4,29.0576,12996.0,26.13
370,35361362,1838308388,44.50852424055533,1,29.0576,0.0,0.0
371,5043935911,6883792585,12.584687307747272,1,29.0576,810.0,28.59
372,1614922943,1614922936,45.6045007556053,2,29.0576,642.0,28.58
373,2351053408,1614923055,13.866739716776571,1,29.0576,300.0,28.57
374,540985362,540985374,78.78371765124953,2,29.0576,2223.0,27.27
375,38454763,1832222749,42.77835875873466,4,29.0576,10503.0,25.24
376,268538650,268538665,28.833587036598992,1,29.0576,51.0,28.74
377,317644172,317644173,168.40618818647593,3,29.0576,2634.0,27.01
378,2351071542,2351053236,14.51784884408942,2,29.0576,7725.0,26.43
379,1614922731,7056145721,8.561813243256234,2,29.0576,2205.0,27.9
380,268538939,2358067027,16.638608459622155,3,29.0576,4458.0,27.89
381,1614922914,268539388,51.78407781068605,4,29.0576,12378.0,25.82
382,1614922988,1614922991,11.39739452091206,1,29.0576,657.0,28.39
383,269459083,807631224,55.01487033918295,1,29.0576,507.0,28.6
384,910997629,653772,26.01179354130516,5,29.0576,12876.0,20.99
385,1613371742,6964842136,20.939713509278487,2,29.0576,3285.0,27.16
386,363478926,1614923059,65.05453918065636,2,29.0576,2085.0,28.15
387,2351071547,268648983,38.75823688223869,3,29.0576,4221.0,26.21
388,363468867,19365032,28.52008307497815,2,29.0576,1677.0,27.88
389,1884813423,1884813422,9.51372939868835,1,29.0576,0.0,0.0
390,1621320667,1621320663,8.139376924274488,2,29.0576,585.0,28.45
391,1621320608,1621320610,8.454077825126499,2,29.0576,1149.0,28.53
392,72743927,1969136998,54.3093021965918,2,29.0576,4812.0,25.79
393,72743927,1614922856,46.79967406472956,4,20.1168,5388.0,19.9
394,1614923000,1614923002,14.708084960952329,1,29.0576,0.0,0.0
395,2351053225,1614923037,8.649845906673582,1,29.0576,3504.0,27.75
396,268538632,268538649,34.41517518455155,1,29.0576,0.0,28.74
397,317643333,317643334,17.089902176256057,1,29.0576,1227.0,28.38
398,268538941,268538905,103.75948148692224,3,29.0576,4659.0,26.59
399,2358067013,1614922972,11.201009261242902,2,29.0576,4419.0,26.9
400,326746169,326746171,19.961970572991955,2,29.0576,2859.0,27.51
401,269461344,4074178193,29.37100498748276,1,29.0576,624.0,28.23
402,353034595,28448404,144.33622345688346,4,29.0576,11970.0,25.51
403,19365032,363468652,33.67270998604936,2,29.0576,1647.0,27.86
404,1613371747,31479975,131.2831764069513,2,29.0576,3114.0,26.54
405,326712429,10559937,86.32305759272647,4,29.0576,14247.0,24.05
406,1614922969,2358067013,11.23549404716608,2,29.0576,4224.0,26.14
407,269460939,269460940,44.3999211515594,4,29.0576,9435.0,26.24
408,317650699,317650700,35.04312040694406,3,29.0576,2214.0,28.18
409,404828674,29098666,57.69449886407597,4,29.0576,8904.0,27.52
410,653767,363429192,61.647225197740426,5,29.0576,8628.0,26.26
411,269460519,269460520,19.03539325706592,2,29.0576,3570.0,27.15
412,7159741545,7159741548,3.782453903489006,1,29.0576,291.0,28.61
413,268539781,268539785,154.49576223592015,2,29.0576,2076.0,27.93
414,269460527,269460939,51.62346948690328,4,29.0576,9543.0,27.46
415,1614923041,2351053413,5.992569071741199,1,29.0576,3126.0,27.92
416,807631219,807631225,34.45755662801649,2,29.0576,816.0,28.71
417,1621320612,1621320618,7.232623824320012,2,29.0576,1149.0,28.49
418,269459296,269459315,60.5460306438665,4,29.0576,8424.0,25.51
419,1621320649,1621320648,14.150748866261717,2,29.0576,642.0,28.54
420,269460925,269460926,41.22223988430166,2,29.0576,7374.0,24.99
421,269459494,269459495,23.193844140928896,2,29.0576,0.0,0.0
422,317645343,317645344,14.210355676665111,3,29.0576,4731.0,26.07
423,1621320698,15068250,32.5123777730288,2,29.0576,342.0,28.38
424,4019953152,1614922903,56.81729742063488,2,29.0576,948.0,28.62
425,269459074,269459075,11.029890085334618,1,29.0576,0.0,0.0
426,268648978,2351053398,15.269070037271096,2,29.0576,1683.0,28.16
427,268537922,268537923,190.29351994101995,6,29.0576,16476.0,24.84
428,269460927,269460944,39.68781680444798,6,29.0576,16443.0,27.58
429,269460914,269460915,45.72959430686118,1,29.0576,885.0,28.31
430,1613371697,1613371685,92.24955051247876,3,29.0576,4878.0,26.42
431,1614922915,6876014918,14.42102851993426,1,29.0576,666.0,28.6
432,2351071537,268649419,36.06828733045311,3,29.0576,2610.0,28.24
433,268645017,6883792419,14.98229972435669,1,29.0576,519.0,28.76
434,268645017,2351053208,14.557818279247964,2,29.0576,1749.0,28.79
435,269460517,269460518,37.91475358519887,2,29.0576,3519.0,27.14
436,653768,363432136,24.95683449160444,5,29.0576,9252.0,25.5
437,4065544419,910997614,13.170722030540572,3,29.0576,2073.0,26.95
438,2358067019,268538918,21.84691234487777,3,29.0576,5916.0,26.03
439,268539391,268539392,32.63280654751661,4,29.0576,11895.0,25.88
440,1832222745,353034029,83.969490135825,2,29.0576,372.0,28.39
441,1738813599,1614923015,18.55778522062017,1,29.0576,0.0,0.0
442,317640724,317810971,33.73290201681843,2,29.0576,858.0,28.13
443,317640724,317640725,38.14874632037675,2,29.0576,735.0,28.45
444,29098666,363477990,42.90185151541994,4,29.0576,9207.0,27.63
445,1614922792,1614922785,50.59267211480986,1,29.0576,435.0,28.75
446,807592268,269459396,63.03679031517111,2,29.0576,2487.0,28.19
447,807592268,1614923030,71.5444343645246,2,29.0576,1158.0,28.45
448,269460915,269460916,37.13528003336864,1,29.0576,870.0,28.31
449,6876014934,1621320671,33.746193910982406,2,29.0576,864.0,28.58
450,4055678331,653766,51.91395700966275,5,29.0576,12852.0,25.13
451,317643107,910997507,29.7231441363506,2,29.0576,3036.0,28.19
452,1614922884,1614922897,11.401102668795865,2,29.0576,795.0,28.64
453,4020085076,4020085077,22.71919438447722,2,29.0576,195.0,28.45
454,269459400,269459401,71.44525126992369,2,29.0576,1542.0,28.04
455,7056145719,7056145718,8.139887627602516,2,29.0576,2445.0,28.23
456,317645241,317645242,98.21233025452317,3,29.0576,5067.0,26.54
457,338507113,338507114,8.732594771197535,4,29.0576,3339.0,27.91
458,1613371739,6964842133,25.34129491542766,2,29.0576,3300.0,27.16
459,338507124,338507125,9.032999173543368,1,29.0576,621.0,28.4
460,653770,4065544421,108.57261086549192,5,29.0576,11856.0,25.35
461,268539959,6883792588,42.67797139676107,1,29.0576,1701.0,24.91
462,4621006499,1614922811,38.91628751904637,1,29.0576,0.0,28.25
463,269459377,269459378,134.5165251938663,3,29.0576,5979.0,26.53
464,268538754,268538755,113.67023721636777,2,29.0576,3750.0,26.74
465,1621320632,1621320628,47.750391664613,2,29.0576,660.0,28.49
466,540985374,540985379,176.15374380010164,2,29.0576,2274.0,27.07
467,268538748,268538749,20.06151874002324,2,29.0576,2775.0,25.67
468,1614923004,1614923001,11.992829600576645,1,29.0576,0.0,0.0
469,268538936,268538937,17.526270633326735,3,29.0576,7617.0,25.98
470,2351053195,2351053446,13.09784404969959,2,29.0576,3015.0,28.08
471,18882157,15715635,30.378389619544816,4,20.1168,2823.0,19.05
472,18882157,269460895,112.30736850828376,4,20.1168,591.0,19.54
473,269459341,269459342,68.01971479108113,5,29.0576,14274.0,24.99
474,1614922891,1347515636,145.23413643552965,4,29.0576,12252.0,26.93
475,1614922891,279044881,62.13055784261758,4,29.0576,4461.0,28.32
476,4065544422,269459501,143.07895107588567,2,29.0576,6063.0,25.76
477,319435660,319435661,79.3999983578141,1,29.0576,360.0,28.99
478,319435660,268539758,399.5111832974228,4,29.0576,12645.0,25.43
479,7159741547,7159741545,4.848050417452933,1,29.0576,291.0,28.58
480,268537920,268537921,71.31162958700298,6,29.0576,15543.0,25.6
481,1615052986,317644068,96.64017752591388,1,29.0576,0.0,0.0
482,1615052986,317643880,84.24168495046037,3,29.0576,888.0,28.56
483,1614922898,4019953152,12.512445963259758,2,29.0576,909.0,28.52
484,2358067007,2974954238,42.81264796368418,2,29.0576,3747.0,26.27
485,2351053373,2351053412,16.525971990509138,2,29.0576,4377.0,27.44
486,806547165,268650043,11.465970306595748,2,29.0576,0.0,0.0
487,806547165,1614923051,10.22605227066722,2,29.0576,0.0,28.73
488,1621320648,1621320643,60.89997878424954,2,29.0576,654.0,28.55
489,6883792586,6883792584,5.850167891714926,1,29.0576,810.0,27.85
490,1621320671,268537940,62.55699088773232,2,29.0576,885.0,28.44
491,268648983,2351071543,27.17854026046496,4,29.0576,12354.0,27.85
492,338507123,338507124,6.333525252274113,1,29.0576,660.0,28.31
493,806547083,2351053451,13.066009032473788,2,29.0576,2208.0,28.1
494,317644069,317644070,9.315770805726446,2,29.0576,0.0,0.0
495,1614922818,7159741547,4.868751531974873,1,29.0576,279.0,28.58
496,6481779969,21420501,11.610056151301697,2,29.0576,0.0,0.0
497,6876014907,4020085084,39.1000179534125,2,29.0576,2928.0,27.2
498,268539393,268539394,26.657990945471077,4,29.0576,11964.0,26.01
499,911278917,10559936,39.53057078814154,4,29.0576,8727.0,26.63
500,269459161,1530583594,78.71037886557524,5,29.0576,12663.0,25.13
501,72602876,363434095,24.02504892920536,2,29.0576,1326.0,27.92
502,1614922975,404827081,10.900089526651122,2,29.0576,4419.0,24.97
503,268539659,69004190,170.37388043398872,4,29.0576,12060.0,24.37
504,1614922964,268539899,51.3858216649021,4,20.1168,0.0,19.83
505,1614922964,5043935911,9.026033922429162,1,29.0576,810.0,28.7
506,368062278,268539541,25.396780078444408,4,29.0576,963.0,28.42
507,1614922783,6390186635,7.185222887261874,2,29.0576,369.0,28.28
508,1614923048,2351053210,27.97339636100719,1,29.0576,387.0,28.63
509,2351071552,2351071539,38.77583917863007,3,29.0576,3105.0,28.49
510,4020085075,1614922750,33.009186844772266,2,29.0576,1230.0,28.19
511,1614923033,2351053215,15.034251030267162,2,29.0576,3207.0,27.72
512,72744375,607954829,24.94451489373807,1,29.0576,0.0,0.0
513,1614922730,6833701513,9.694148334530226,2,29.0576,1812.0,28.22
514,2351053298,268644698,13.278281974991648,1,29.0576,678.0,28.54
515,2358067004,1614922975,12.5793330108164,2,29.0576,4419.0,26.82
516,1613371676,1613371686,86.96994752189354,3,29.0576,6660.0,25.64
517,1621320651,1621320653,58.64822119694718,1,29.0576,630.0,28.29
518,279044881,338507108,71.99053890633634,4,29.0576,4446.0,27.97
519,1614922798,4020085081,33.04714678596522,2,29.0576,0.0,0.0
520,540985792,540985798,26.06322716658969,2,29.0576,1467.0,27.22
521,269459374,269459375,41.68526691544156,3,29.0576,4971.0,26.82
522,268539954,268539955,10.509919098717342,1,29.0576,1620.0,28.1
523,6883792578,268539966,11.433791649211733,1,29.0576,81.0,28.92
524,1614922811,4621006498,14.672114376330594,1,29.0576,12.0,28.26
525,269459231,269459232,25.495452255859316,3,29.0576,7995.0,25.72
526,1614922855,4019953151,89.90382302980903,2,29.0576,3408.0,27.0
527,268539537,4074022321,26.906523196112705,1,29.0576,1362.0,27.82
528,540985381,1614922981,41.226460519571205,2,29.0576,924.0,28.39
529,540985381,540985389,44.71694066234087,2,29.0576,1416.0,27.93
530,268538926,2358067007,34.20969033804188,2,29.0576,3717.0,26.4
531,317641214,317641215,13.50324628723038,2,29.0576,387.0,28.7
532,269459236,269459237,24.54531212171402,3,29.0576,7200.0,25.77
533,268648979,268648980,17.606911113607733,2,29.0576,1878.0,28.16
534,2351053202,1614923056,14.902861432299092,1,29.0576,159.0,28.55
535,2351053305,2351053429,16.55242899691801,1,29.0576,87.0,28.82
536,1969136998,1614922831,111.5550711539729,1,29.0576,1935.0,27.77
537,1969136998,1969136997,106.72696759999792,2,29.0576,2877.0,28.06
538,268538915,268538916,22.151002334799795,3,29.0576,6258.0,26.26
539,1614922786,19365035,138.3407182972141,2,29.0576,936.0,28.0
540,269459491,269459492,20.825361508154952,2,29.0576,0.0,0.0
541,353034026,353034024,85.64314977146617,2,29.0576,390.0,28.25
542,268537923,353034879,443.03829749345925,6,29.0576,15021.0,24.22
543,271049970,7056145716,6.119837852200192,2,29.0576,666.0,28.21
544,21507171,326725280,34.32541958180922,2,29.0576,0.0,28.42
545,4020471407,806547128,56.89580669585829,2,29.0576,0.0,28.34
546,317642127,317642128,88.86495483598021,3,29.0576,660.0,28.79
547,269461345,18882157,61.54449314161511,1,29.0576,624.0,28.18
548,268538914,268538915,22.15385296530808,3,29.0576,6720.0,25.8
549,2351053236,268648983,13.172962391738784,2,29.0576,7767.0,23.56
550,1884813422,1884813420,8.173864439306964,1,29.0576,0.0,0.0
551,2358067022,1614922969,13.306209968720152,2,29.0576,4224.0,26.8
552,4065544420,72602764,63.929528783610415,5,29.0576,7563.0,27.54
553,38504557,19365024,294.9023120171736,5,29.0576,14373.0,24.43
554,1530583594,269459166,38.90368233403046,5,29.0576,12153.0,24.92
555,1997432689,21420437,17.114409447291028,2,29.0576,0.0,0.0
556,1371866052,268538904,17.005936282026905,2,29.0576,6663.0,25.63
557,1614922757,1614922765,89.23962933696427,2,29.0576,135.0,28.64
558,1614922757,1613371676,69.97769843037871,3,29.0576,6507.0,25.73
559,2351071535,35361362,25.57883220676981,4,29.0576,12885.0,26.77
560,317650664,1613371655,52.45127880248593,3,29.0576,6270.0,27.03
561,353033064,353033065,94.30382104669724,6,29.0576,13788.0,24.05
562,3151976365,1614923020,17.39284933945494,1,29.0576,0.0,0.0
563,122482411,4020085083,17.872174031635634,2,29.0576,75.0,28.89
564,540985812,540985818,122.9424531294022,2,29.0576,1638.0,26.82
565,317643334,317643335,32.78010946018902,1,29.0576,1227.0,28.34
566,2351053451,268649546,18.736301612561984,2,29.0576,2304.0,28.11
567,269460852,269460853,25.23921012425613,2,29.0576,2718.0,27.44
568,1621320600,269461330,60.554629790762256,2,29.0576,705.0,27.75
569,910997306,317642130,40.43084196829282,3,29.0576,810.0,28.73
570,1614922729,6833701512,9.31704153738272,2,29.0576,1611.0,28.14
571,268538755,268538756,56.77338600816698,2,29.0576,3720.0,26.87
572,7056145716,271049969,6.69685502592367,2,29.0576,771.0,28.25
573,269459513,269459514,44.41291584711438,2,29.0576,6555.0,24.83
574,1969136997,1969136995,54.86207054845245,2,29.0576,2859.0,27.78
575,71987159,1614923033,62.20537422477826,2,29.0576,3105.0,27.86
576,71987159,2351053517,10.00356408385094,4,20.1168,0.0,0.0
577,268650043,268648897,10.747920117093956,2,29.0576,0.0,0.0
578,6876014919,1614922924,7.888409825441474,1,29.0576,456.0,27.23
579,268538922,2358067011,22.52462786455777,3,29.0576,6951.0,27.24
580,269460932,269460933,38.04690927165528,1,29.0576,129.0,28.8
581,1614923034,2351053234,13.124386125922364,2,29.0576,4185.0,27.57
582,268538937,2358067015,17.686872755719197,3,29.0576,7626.0,26.03
583,1614922842,1614922854,43.5900801429085,1,29.0576,1974.0,18.25
584,317645339,317645340,25.438586120063864,3,29.0576,4839.0,26.41
585,326723915,269459293,58.55999276227932,4,29.0576,7122.0,24.88
586,317643880,317643881,30.01519535883943,3,29.0576,1158.0,28.54
587,269459232,269459233,24.59007218553768,3,29.0576,7707.0,25.91
588,269460947,269460920,40.44681975657386,6,29.0576,16554.0,25.22
589,271049969,271049968,6.106715373862441,2,29.0576,951.0,28.29
590,540985476,540985489,18.50338504350246,2,29.0576,1332.0,27.65
591,1614922741,1614922743,54.23234871519468,2,29.0576,390.0,28.43
592,317645344,317645346,13.258424955119864,3,29.0576,4722.0,26.04
593,269459483,269459484,21.247063109961356,2,29.0576,2772.0,27.78
594,72744100,72744120,77.17828576723177,2,29.0576,6834.0,25.13
595,2351053398,2351053336,16.304299728557,2,29.0576,1809.0,28.36
596,268644696,268644697,14.322437849436414,1,29.0576,858.0,28.54
597,269459075,269459076,11.19907836757442,1,29.0576,0.0,0.0
598,317645342,317645343,18.77871363540065,3,29.0576,4731.0,26.14
599,6964842138,1614922835,11.334915231682686,1,29.0576,2016.0,27.26
600,2351053511,2351053225,8.982063546658434,1,29.0576,3540.0,27.74
601,933322049,268644571,12.424328930670184,1,20.1168,0.0,0.0
602,933322049,1614923046,23.170518605293083,3,29.0576,2415.0,28.66
603,269459072,269459073,10.63680419460904,1,29.0576,0.0,0.0
604,269459375,269459376,46.15493980256656,3,29.0576,5166.0,26.51
605,607954827,1613371652,105.77802158940108,1,29.0576,0.0,0.0
606,1614922751,72602876,128.1538487697753,2,29.0576,1278.0,28.06
607,1614922951,1614922943,37.891170186877154,2,29.0576,552.0,28.75
608,319435679,319435680,14.576969197392833,1,29.0576,240.0,29.09
609,353035386,269461329,32.347485642590094,2,29.0576,1854.0,27.36
610,1613371746,6964842139,22.964980145466253,2,29.0576,3282.0,27.06
611,353033910,1621320698,54.20096387149422,2,29.0576,321.0,28.34
612,911278722,1530583770,47.64278184104013,1,29.0576,507.0,28.55
613,317645238,317645241,133.61483065218948,3,29.0576,5118.0,27.13
614,317645238,317645312,133.594707842826,4,29.0576,6042.0,26.7
615,319435665,319435679,17.542811951231148,1,29.0576,360.0,28.98
616,353034591,353034592,56.29293487534415,4,29.0576,14730.0,22.52
617,353033062,353033064,61.099300320427695,6,29.0576,14118.0,24.54
618,269459238,2358067003,27.123164400067715,3,29.0576,6768.0,26.17
619,317641215,1530583597,21.662372604556168,2,29.0576,378.0,28.7
620,317650701,317650702,38.65669026920495,3,29.0576,2676.0,28.07
621,1997429751,1621320604,25.73139680268972,2,29.0576,639.0,28.29
622,6964842134,1371866052,16.864611737462017,2,29.0576,6519.0,25.46
623,363468866,363468867,26.08414116931986,2,29.0576,1656.0,27.91
624,540985803,540985808,17.50308110925714,2,29.0576,1638.0,27.42
625,268372447,5731678873,21.28479230084245,2,29.0576,867.0,28.36
626,269460898,269460913,32.64298280456816,1,29.0576,900.0,28.39
627,19365024,363429201,54.18646630255833,5,29.0576,14319.0,22.81
628,353033056,353033057,60.86756099875499,6,29.0576,15789.0,24.61
629,1613371720,1613371701,109.0056991071426,5,29.0576,14481.0,24.08
630,269459166,269459085,73.15170630027968,5,29.0576,11883.0,25.4
631,268539333,268538950,54.94113820729213,4,29.0576,5415.0,25.05
632,6849087045,6849087046,10.20942728227997,2,29.0576,2085.0,28.2
633,1838308389,1838308390,32.91451156407018,1,29.0576,0.0,0.0
634,1613371722,1614922792,130.95162551889135,1,29.0576,453.0,28.75
635,1613371722,1613371705,134.86233463820446,3,29.0576,4917.0,27.43
636,807592312,1614922953,113.40834241294874,2,29.0576,4077.0,27.75
637,807592312,269459229,102.97843619548912,3,29.0576,7953.0,25.65
638,268538962,268538960,119.75166974662028,4,29.0576,11682.0,26.04
639,268538901,268538902,26.88653222110292,2,29.0576,6285.0,25.55
640,6964842139,1613371747,28.53799649510388,2,29.0576,3276.0,26.97
641,5707482363,319435681,3.390906121202965,1,29.0576,120.0,29.3
642,268538952,1614922914,117.67036598340869,4,29.0576,11796.0,25.79
643,1997429733,269461330,24.84366797081425,2,29.0576,1944.0,26.14
644,1614923007,1614923012,12.594687222524705,1,29.0576,543.0,28.32
645,1613580569,1613371739,115.24936959556314,2,29.0576,3273.0,27.4
646,1613580569,6876014907,68.53658001630679,2,29.0576,2970.0,27.34
647,1614922779,6390186627,1.6749263327882236,1,29.0576,195.0,28.79
648,1614922808,4621006499,36.539919326441,1,29.0576,0.0,0.0
649,1614922808,16582687,41.71605136872543,3,29.0576,7653.0,20.67
650,1614922826,1614922837,29.768152395184558,1,29.0576,2376.0,27.01
651,2351053234,2351053373,16.92618587360271,2,29.0576,4281.0,27.58
652,353033943,353033942,21.3343630886308,2,29.0576,354.0,28.09
653,2358067015,268538938,16.28809788352325,3,29.0576,7605.0,23.94
654,269460924,269460925,40.44215533688068,2,29.0576,7401.0,25.17
655,317645261,317645262,31.13900441284365,3,29.0576,2964.0,27.36
656,2351053244,1614923036,9.677496953531016,2,29.0576,3687.0,27.1
657,269460940,269460941,40.40381441674996,4,29.0576,9357.0,26.14
658,4019953153,1614922954,11.487809224072551,1,29.0576,882.0,24.95
659,269460520,269460521,21.41558354031718,2,29.0576,3618.0,27.1
660,653772,2358067012,29.718484950318626,4,29.0576,7122.0,27.15
661,653772,4065544422,27.434311063449943,2,29.0576,6063.0,26.61
662,1614922736,317650658,57.02301086581912,2,29.0576,2814.0,27.46
663,353034890,353034891,39.66527946499808,2,29.0576,1941.0,27.4
664,268538903,6964842134,17.03999932770455,2,29.0576,6375.0,25.47
665,317643324,317643325,9.27328722657742,1,29.0576,369.0,27.35
666,268538666,268538667,35.29630412631029,1,29.0576,72.0,28.69
667,353033940,353033910,30.45261876939333,2,29.0576,402.0,28.25
668,269459495,269459496,41.58974372591379,2,29.0576,0.0,0.0
669,1621320622,1621320626,65.00273275470076,1,29.0576,1149.0,28.15
670,269461337,269461338,55.35783309878563,2,29.0576,2880.0,26.8
671,15715635,18882157,30.378389619544816,4,20.1168,6.0,19.93
672,15715635,268538675,88.33061361630638,2,29.0576,2757.0,27.96
673,317641206,317641208,24.50945158209263,1,29.0576,720.0,28.31
674,1614923040,2351053448,7.517281373816138,1,29.0576,3213.0,27.86
675,268538836,268538837,29.39350918962407,2,29.0576,6051.0,25.98
676,2351053396,2351071542,14.717153482595076,2,29.0576,7509.0,26.02
677,317650696,317650697,23.10159749187828,3,29.0576,1824.0,28.29
678,6876014906,1347515624,153.17329140763152,4,29.0576,6249.0,26.79
679,363432136,72602888,109.9975569473302,5,29.0576,9252.0,25.24
680,269460929,269460930,29.218842019946507,1,29.0576,183.0,28.72
681,269459081,269459082,13.45367453897613,1,29.0576,507.0,28.61
682,269459501,807592364,17.326690823499007,2,29.0576,6063.0,26.26
683,1613580561,1613580556,38.366854259878224,2,29.0576,2832.0,26.95
684,326723975,326723964,19.03839913187948,4,29.0576,15255.0,25.62
685,1614923042,1614923045,44.88491750287513,2,29.0576,3078.0,28.77
686,326723964,2358067005,285.5659181306412,4,29.0576,14625.0,24.21
687,1614922827,6964842135,19.02956043788822,1,29.0576,2016.0,27.67
688,7056145717,1614922729,9.255146758356878,2,29.0576,1467.0,28.26
689,1347515624,1613580569,12.700016676955702,4,29.0576,6276.0,20.61
690,268538745,268538746,37.53277839645038,2,29.0576,2757.0,27.51
691,4621006498,1614922812,12.367324787611848,1,29.0576,12.0,29.18
692,546611053,269460517,82.22961732642331,2,29.0576,3465.0,27.4
693,4074022324,3151976361,18.630609950892797,1,29.0576,0.0,0.0
694,540985776,540985780,69.87888313442092,2,29.0576,1467.0,27.42
695,1613371762,1613371763,54.44894301121879,3,29.0576,7221.0,26.25
696,1621320647,1613371777,55.983406856182185,6,29.0576,11496.0,26.74
697,1621320647,1621320651,74.30335775388322,1,29.0576,711.0,28.27
698,38454761,1832222751,53.39647739292548,4,29.0576,10668.0,25.83
699,6390186635,6390186632,17.765804499974276,2,29.0576,405.0,28.55
700,269459373,269459374,40.5341333414712,3,29.0576,4410.0,26.69
701,319435680,4074022323,27.317819070801388,1,29.0576,120.0,29.18
702,1614922830,6964842138,24.16228198546096,1,29.0576,2019.0,27.51
703,317650555,317650556,39.03038106781372,5,29.0576,12918.0,24.33
704,4032311967,2351053198,5.829542184786317,1,29.0576,528.0,28.57
705,1614922981,1614922985,20.854365308223983,2,29.0576,957.0,28.36
706,37976427,2351071530,26.41608487339921,3,29.0576,2268.0,28.21
707,4020085080,1614922795,35.5878450633859,2,29.0576,936.0,28.58
708,1621320626,1621320630,57.90017929766661,1,29.0576,1149.0,28.09
709,1614922849,1614922853,26.90093830290892,2,29.0576,3480.0,27.36
710,1613580556,1969136957,32.26696600017053,2,29.0576,2832.0,26.89
711,269459457,269459476,40.48429322253736,2,29.0576,2469.0,27.58
712,10559937,326723975,57.337384801559374,4,29.0576,14343.0,23.24
713,317644072,317644073,9.565679148445344,2,29.0576,0.0,0.0
714,4019953151,1614922856,27.755156392797623,2,29.0576,3390.0,27.91
715,1614922785,1614922784,23.12280092360651,1,29.0576,435.0,28.76
716,268539394,268539395,30.268701689003223,4,29.0576,11943.0,25.79
717,6390186623,6390186626,2.079727840070334,1,29.0576,273.0,28.82
718,1614922813,1614922814,9.679150794561394,1,29.0576,57.0,29.02
719,2351053200,1614923032,92.82055835576789,1,29.0576,7725.0,21.36
720,1614923059,1614923058,77.26045677182293,2,29.0576,2085.0,27.99
721,1621320624,1621320619,62.258363844530855,2,29.0576,687.0,28.44
722,268538940,2358067021,16.065492390371006,3,29.0576,4446.0,27.56
723,1347515622,1613580566,26.932302822815885,2,29.0576,2928.0,26.99
724,269461332,269461333,26.47979277643829,2,29.0576,2709.0,27.33
725,404827086,404827088,55.20599367793968,2,29.0576,5229.0,26.07
726,807592204,4065544423,43.597075139897846,1,29.0576,810.0,28.39
727,1614922903,69004190,42.07471588827568,2,29.0576,1005.0,27.22
728,1614922775,19365030,72.08643665979766,5,29.0576,14226.0,23.73
729,1614922775,1614922763,73.71019452062546,2,29.0576,1677.0,28.36
730,1613371652,1613371651,53.24966339667757,3,29.0576,3702.0,26.04
731,4621006496,1614922815,5.468523407834145,1,29.0576,57.0,28.88
732,1969136991,1969136950,29.363377522339498,1,29.0576,2754.0,26.96
733,1621320653,1621320660,27.024815147658675,1,29.0576,555.0,28.39
734,4020085084,1347515622,47.176174036747234,2,29.0576,2928.0,27.09
735,6390186626,1614922779,1.4739909209259086,1,29.0576,195.0,28.78
736,1614922934,1614922926,7.873493950204218,1,29.0576,759.0,28.51
737,269459514,269459515,147.8736962554852,2,29.0576,6825.0,23.41
738,1613371645,1613371640,89.43871099235606,3,29.0576,3684.0,25.86
739,268538924,268538925,30.41131936900602,2,29.0576,3675.0,26.52
740,353033065,653786,131.58208137214663,6,29.0576,15816.0,24.53
741,268538902,6964842137,13.91364331317016,2,29.0576,6345.0,25.53
742,1615052988,317645238,84.81162068730738,5,29.0576,11202.0,26.65
743,317643097,317643098,17.816850459510402,3,29.0576,903.0,27.8
744,268539852,5689452775,8.257320648949888,2,29.0576,0.0,28.88
745,6964842133,6964842140,19.251912206375422,2,29.0576,3213.0,27.18
746,269459293,807592424,44.00148993671242,4,29.0576,7344.0,25.98
747,269461330,269461332,28.02110322657717,2,29.0576,2664.0,27.35
748,1969136950,1969136948,37.216983503956826,1,29.0576,2754.0,25.59
749,1614922936,1614922929,77.61559361295713,2,29.0576,747.0,28.59
750,540985426,540985438,23.631403101995243,2,29.0576,1440.0,27.55
751,1614923008,1614923003,22.74378324816624,1,29.0576,531.0,28.66
752,404827088,269459338,94.91546223567453,2,29.0576,5469.0,25.22
753,269460854,269460895,70.39295963592272,1,29.0576,2766.0,26.35
754,269460941,269460942,47.86808636441586,4,29.0576,9177.0,25.49
755,268539535,268539536,58.398050720829474,1,29.0576,1422.0,27.88
756,6964842140,1613371742,13.83090919743368,2,29.0576,3243.0,27.15
757,6883792587,268539959,25.8155876337478,1,29.0576,1701.0,25.44
758,1614922763,38504672,23.9589747773996,2,29.0576,1656.0,28.29
759,2351053479,2351053511,10.816072132555943,1,29.0576,3750.0,27.73
760,269459503,269459504,27.50430112931716,2,29.0576,6063.0,25.36
761,269459376,269459377,49.09647967591005,3,29.0576,5754.0,26.52
762,1347515619,6876014909,116.08803810192148,4,29.0576,13128.0,24.56
763,317643327,317643328,9.544555446330174,1,29.0576,639.0,28.57
764,271049966,271049965,26.969961716134367,2,29.0576,1266.0,28.5
765,6876014936,1621320694,39.91876940385521,2,29.0576,708.0,28.59
766,2358067025,2358067017,22.19690268088284,3,29.0576,6831.0,26.6
767,6849087044,2894755458,8.493905370455048,2,29.0576,2019.0,28.29
768,1614923022,1738813601,60.301625405677136,1,29.0576,0.0,0.0
769,1614923017,1614922996,47.67409421515319,2,29.0576,1566.0,27.82
770,268644571,933322049,12.424328930670184,1,20.1168,2415.0,17.42
771,268538925,268538926,32.99173684211777,2,29.0576,3684.0,26.44
772,353034029,353034026,42.75100833380338,2,29.0576,384.0,28.27
773,1614923030,1614923028,67.15887905167118,2,29.0576,1158.0,28.33
774,1613371620,317640401,90.95975566022132,3,29.0576,3447.0,26.6
775,2351053324,1614923039,8.131444857244158,1,29.0576,3306.0,27.81
776,910997614,317643900,40.64280631741392,5,29.0576,5970.0,28.44
777,2351053504,2351053396,13.987028842554087,2,29.0576,7479.0,26.76
778,1614923015,1614923022,43.03024407655076,1,29.0576,0.0,0.0
779,317643331,317643332,10.638605198705584,1,29.0576,957.0,26.31
780,1839684627,317643096,25.529294527023,3,29.0576,540.0,28.89
781,1614922748,72744233,35.87128196662685,2,29.0576,468.0,28.31
782,326746163,326746165,18.71578919904485,2,29.0576,2811.0,27.58
783,1838308390,4074022325,45.5434122783256,1,29.0576,0.0,0.0
784,268539956,268539958,75.09727791813393,1,29.0576,1701.0,27.54
785,268538935,2358067006,19.72086715048813,3,29.0576,7560.0,26.06
786,6876014910,1614922898,11.203175688224414,2,29.0576,867.0,28.43
787,317643109,317643110,38.27144056231024,2,29.0576,3036.0,27.8
788,29098665,4065544420,49.24180351931927,5,29.0576,7023.0,26.68
789,353033058,353033059,64.01694799649637,6,29.0576,15885.0,25.15
790,317650698,317650699,41.63581790886761,3,29.0576,2172.0,28.27
791,353033057,353033058,52.66433769117684,6,29.0576,15882.0,23.44
792,268538749,268538668,54.76531843840727,2,29.0576,3717.0,27.34
793,1614922782,6390186623,1.8673370323642973,1,29.0576,282.0,28.78
794,353034882,353034883,106.8162534690418,2,29.0576,1863.0,27.94
795,353034593,353034594,41.08250237176741,4,29.0576,13272.0,25.99
796,404827082,2358067014,11.21482976160055,2,29.0576,4959.0,26.75
797,269459510,269459511,27.62827451318468,2,29.0576,6555.0,25.53
798,6876014909,604319666,99.70003715899496,4,29.0576,13266.0,24.48
799,4020085077,69275584,31.541586439730025,2,29.0576,219.0,28.41
800,269459402,326712429,55.06059062161366,2,29.0576,537.0,27.41
801,269459315,269459332,104.06821714245176,4,29.0576,8376.0,25.19
802,2351071539,26208928,36.893705238312606,3,29.0576,2898.0,28.41
803,317645340,317645341,21.515801679011812,3,29.0576,4815.0,26.31
804,338507114,338507115,13.454800921351376,4,29.0576,2925.0,27.91
805,317642138,317642139,25.246083196599866,3,29.0576,1371.0,28.28
806,317650662,317650663,17.366540219250897,3,29.0576,6027.0,27.17
807,268539330,268539331,44.47524135452227,4,29.0576,5853.0,28.03
808,268539330,1614922856,14.784957915504638,4,20.1168,21.0,19.54
809,363429201,4055678331,269.91618517774987,5,29.0576,14082.0,24.28
810,269459077,269459078,15.139722055493491,1,29.0576,0.0,0.0
811,1613371776,1621320647,50.79963870782939,6,29.0576,14940.0,27.19
812,910997771,363429677,32.034407896539456,5,29.0576,6648.0,27.09
813,268649511,268649512,8.751783078386739,2,29.0576,1860.0,28.34
814,6849087050,6849087044,5.937208419429166,2,29.0576,1995.0,28.21
815,653771,910997629,73.10501939680049,5,29.0576,12702.0,25.25
816,2351053508,268644721,13.706168109507646,1,29.0576,651.0,28.55
817,268539761,268539762,55.99274951073233,4,29.0576,13893.0,25.75
818,1614923018,1614923009,14.165690902891049,1,29.0576,0.0,0.0
819,15068250,1621320692,34.11261201958303,2,29.0576,282.0,28.4
820,271049960,271049970,8.398382944391157,2,29.0576,0.0,28.64
821,540985737,540985748,18.759626441596616,2,29.0576,1395.0,27.52
822,604238310,604238311,9.694309936646087,2,29.0576,42.0,28.28
823,317640716,317640717,18.95121056372926,3,29.0576,2262.0,27.98
824,338507120,338507121,10.010546194823972,1,29.0576,828.0,28.22
825,269459476,269459481,31.018220255308385,2,29.0576,2772.0,27.92
826,269459476,269459489,32.323044955703985,2,29.0576,0.0,0.0
827,1613371721,1614922808,58.07914595631614,3,29.0576,7605.0,27.44
828,269460935,269460936,23.787622168911764,1,29.0576,93.0,28.75
829,604238308,604238309,3.630890781272266,2,29.0576,42.0,29.3
830,269459505,269459506,23.662512596045836,2,29.0576,6333.0,25.85
831,4074022321,6876014917,44.71833749973264,4,29.0576,1335.0,28.69
832,1614922991,1614922993,11.19217218997118,1,29.0576,657.0,28.37
833,2351053499,1614923044,145.71004390072903,2,29.0576,3153.0,28.4
834,1621320630,1621320634,53.57022520876902,1,29.0576,1149.0,28.06
835,268539331,268539332,68.60413831997435,4,29.0576,5625.0,27.63
836,268538747,268538748,23.074568198302934,2,29.0576,2742.0,27.37
837,269459484,269460508,23.59470017932157,2,29.0576,2772.0,27.7
838,317642132,317642133,52.92050447607804,3,29.0576,990.0,28.66
839,4074178193,269461345,31.24657252206153,1,29.0576,624.0,28.19
840,6833701512,1614922730,7.331263259938161,2,29.0576,1740.0,28.3
841,1614923055,2351053202,25.292219980661176,1,29.0576,186.0,28.62
842,268539392,268539393,54.58999742220196,4,29.0576,12087.0,25.3
843,317645341,317645342,17.696317672982833,3,29.0576,4773.0,26.22
844,317643899,4065544419,130.68021188514896,3,29.0576,2073.0,28.11
845,2351053199,2351053227,5.919237010321844,2,29.0576,2727.0,28.77
846,268648895,4020471404,11.402327831674846,2,29.0576,0.0,0.0
847,1621320643,1621320632,43.60870949451381,2,29.0576,639.0,28.53
848,6883792584,6883792582,4.609473500682864,1,29.0576,891.0,28.38
849,5731678872,268372447,19.33683413075409,4,29.0576,1206.0,27.38
850,269459509,269459510,28.30951079764966,2,29.0576,6285.0,25.0
851,1969136995,1969136994,29.684555808455272,2,29.0576,2787.0,27.64
852,365786987,365786988,57.12163885974008,4,29.0576,11490.0,24.91
853,268538923,2358067025,21.842834632062605,3,29.0576,6822.0,26.78
854,353033061,353033062,63.7025762913818,6,29.0576,14346.0,25.02
855,317640719,317640720,35.715765978499164,3,29.0576,2046.0,27.57
856,317645437,910997272,31.128393486433943,1,29.0576,246.0,28.55
857,317645437,910997718,30.34648891849922,2,29.0576,3009.0,27.04
858,4621006497,1614922813,7.44718075401904,1,29.0576,57.0,29.02
859,807592424,269459296,43.90452270888036,4,29.0576,7614.0,25.26
860,1614922995,1614922998,16.24042652829452,1,29.0576,594.0,28.36
861,7056145718,1614922734,11.805465035260315,2,29.0576,2505.0,28.13
862,20972371,268539658,116.3338646530855,4,29.0576,11865.0,25.8
863,326723913,326723915,17.019651567726754,4,29.0576,7122.0,25.91
864,269460518,269460519,18.379033629198837,2,29.0576,3570.0,27.19
865,268538759,268538924,30.197015595865416,2,29.0576,3672.0,26.54
866,2894755456,123422870,13.617049738346966,2,29.0576,1944.0,28.39
867,6849087042,6849087041,7.113494830811283,2,29.0576,237.0,28.6
868,268539947,1614922965,8.088171809156457,1,29.0576,324.0,25.28
869,269459233,269459234,24.60844737242339,3,29.0576,7650.0,25.84
870,1614923047,1614923049,53.92824105952201,2,29.0576,1599.0,28.8
871,540985413,540985426,23.101634583194684,2,29.0576,1440.0,27.59
872,1614922732,7056145720,6.968090926709023,2,29.0576,2361.0,28.06
873,20972369,268539960,126.973342037942,4,29.0576,11445.0,23.04
874,4074022325,4074022324,23.9777909929564,1,29.0576,0.0,0.0
875,7159741549,7159741544,3.710587555238621,1,29.0576,240.0,27.52
876,338507111,338507112,12.986377417568184,4,29.0576,3972.0,27.6
877,6390186628,1614922778,1.834971112546076,1,29.0576,183.0,28.97
878,2351053215,1614923035,9.35637622406487,2,29.0576,3258.0,26.62
879,1621320660,1621320665,27.352210089873537,1,29.0576,507.0,28.83
880,910997750,910997773,48.49410364677538,2,29.0576,3036.0,27.4
881,317645262,317644172,30.95753542227502,3,29.0576,2964.0,27.2
882,6964842135,1614922830,14.788504345081387,1,29.0576,2007.0,27.55
883,4020085072,1614922746,8.323113496081275,2,29.0576,684.0,27.75
884,317643328,317643329,8.268343118986671,1,29.0576,639.0,26.34
885,319435662,319435726,25.139933278378425,1,29.0576,360.0,28.98
886,1614923009,1614923005,12.204766743139874,1,29.0576,0.0,0.0
887,269459288,269459289,20.159537101281582,1,29.0576,810.0,27.55
888,2358067016,1614922961,17.383786961174007,2,29.0576,3981.0,26.84
889,268538675,268538745,48.518420749464894,2,29.0576,2754.0,27.63
890,1614923039,1614923040,5.839510219017566,1,29.0576,3294.0,27.84
891,317641212,317641213,19.343996948113837,2,29.0576,519.0,28.65
892,807631224,911278722,44.3552706945433,1,29.0576,507.0,28.56
893,319435726,319435665,59.15363120998368,1,29.0576,360.0,28.95
894,21150906,1621320608,24.212548643409413,2,29.0576,0.0,27.44
895,317810973,317810974,47.82185235495591,2,29.0576,642.0,28.16
896,268538757,268538758,38.55784064397555,2,29.0576,3696.0,26.69
897,2351053192,806547140,16.990369383645092,2,29.0576,2130.0,28.03
898,4065544424,269459338,49.17252141428969,4,29.0576,8646.0,22.06
899,6481779968,4020085080,100.53974704692556,2,29.0576,702.0,28.64
900,1614922965,6883792580,6.23815651021335,1,29.0576,1296.0,22.87
901,1614922998,1614923007,49.03811609339456,1,29.0576,555.0,28.33
902,317640717,317640718,30.810543430734768,3,29.0576,2208.0,27.79
903,21420499,1614922793,123.0811671591382,2,29.0576,48.0,28.57
904,21420499,653770,144.3206803115926,5,29.0576,11856.0,26.09
905,363434095,363433967,58.82927477839195,2,29.0576,1374.0,27.99
906,1614922816,1614922821,65.85164551119163,1,29.0576,1986.0,27.59
907,26208924,3151976365,9.529216052954665,1,29.0576,0.0,0.0
908,1613371774,1613371775,82.00871243669367,6,29.0576,15108.0,23.56
909,268539308,268539310,82.87689271744007,1,29.0576,93.0,29.36
910,271049965,7056145717,16.63594418019547,2,29.0576,1392.0,28.46
911,268539395,268539396,35.58695366824174,4,29.0576,11745.0,25.38
912,268538752,268538753,35.57579257567261,2,29.0576,3819.0,27.19
913,6876014905,72744100,61.03173681247398,2,29.0576,6810.0,26.47
914,269461336,269461337,32.662057084542504,2,29.0576,2856.0,27.09
915,1614922758,1614922752,85.75459269307724,2,29.0576,609.0,28.49
916,1614922758,20972376,205.3965212975894,3,29.0576,4161.0,26.54
917,269459511,269459512,30.150979544104008,2,29.0576,6555.0,25.42
918,269460943,269460927,39.62666568468772,4,29.0576,9228.0,23.97
919,4074022323,5707482363,22.143451556941933,1,29.0576,120.0,29.18
920,269460938,27463276,52.86936653646281,1,29.0576,72.0,28.66
921,353034885,353034886,37.86355619254172,2,29.0576,1866.0,27.75
922,807592364,269459502,17.141267953741256,2,29.0576,6063.0,26.19
923,2351053227,268644571,20.40817235263297,2,29.0576,2502.0,27.64
924,363468652,15068253,34.04337164520116,2,29.0576,1647.0,27.76
925,269460942,269460943,39.64872901849827,4,29.0576,9312.0,25.86
926,20972370,68267437,136.39538337180335,4,29.0576,12075.0,11.01
927,3151976361,122909086,10.638640471347706,1,29.0576,0.0,0.0
928,1339369210,317645436,31.86431552226662,3,29.0576,3306.0,27.15
929,1614923020,1614923018,13.887395342998484,1,29.0576,0.0,0.0
930,317644070,317644071,12.297878402809737,2,29.0576,0.0,0.0
931,16582687,1614922816,98.63690181611466,1,29.0576,1965.0,27.72
932,16582687,268538835,143.7587387485473,2,29.0576,5817.0,25.95
933,269460946,269460947,49.12927221528413,6,29.0576,16617.0,25.64
934,353034879,1832222745,75.47881557752912,2,29.0576,381.0,28.35
935,353034879,1615052989,65.21268796067777,6,29.0576,14835.0,27.39
936,268648980,2351053405,37.7821820085393,2,29.0576,1998.0,28.2
937,19365035,1614922775,32.050549188056,5,29.0576,15903.0,25.16
938,1614922752,1614922749,106.31576421554183,2,29.0576,513.0,28.39
939,1621320628,1621320624,31.14447546818263,2,29.0576,672.0,28.48
940,7159741544,7159741550,4.334955473673878,1,29.0576,252.0,27.82
941,38504569,607902543,17.762690002285023,2,20.1168,957.0,19.45
942,317644074,317644085,11.998158026432357,2,29.0576,0.0,0.0
943,1614923051,2351053442,14.52607171450938,2,29.0576,1347.0,28.01
944,604238568,269459508,16.4232368038925,2,29.0576,6285.0,25.71
945,1614923002,1738813599,56.60233831264807,1,29.0576,0.0,0.0
946,1614923001,1614923000,11.72684505961293,1,29.0576,0.0,0.0
947,268537943,268537944,69.69810853138621,2,29.0576,1131.0,28.36
948,1969136957,1969136948,47.09889748854597,2,29.0576,2832.0,25.81
949,2351071532,2351071552,36.95465114005298,3,29.0576,3237.0,28.58
950,269459399,269459400,30.590147521757093,2,29.0576,1512.0,28.09
951,268538838,268538901,33.23195297841855,2,29.0576,6285.0,25.87
952,269459080,269459081,13.9884637095276,1,29.0576,0.0,27.05
953,4020085083,1614922817,29.63478496229318,2,29.0576,126.0,28.76
954,1614923012,1614923010,6.992876056310728,1,29.0576,531.0,28.29
955,250056463,4055678332,45.233658942294944,4,29.0576,10065.0,25.88
956,269460913,269460914,57.39638225262757,1,29.0576,885.0,28.36
957,269459078,269459079,14.033433375572676,1,29.0576,0.0,0.0
958,283382639,363477390,120.85805287055926,4,29.0576,8916.0,28.04
959,268539388,268539390,96.20325191651612,4,29.0576,11229.0,26.38
960,268539388,6876014914,31.03923747905614,1,29.0576,1446.0,27.91
961,4020085078,1614922788,21.61601449936138,1,29.0576,645.0,27.92
962,268537940,268537943,49.58500532752272,2,29.0576,1044.0,28.42
963,269459082,269459083,18.02081914696329,1,29.0576,507.0,28.62
964,540985771,540985776,91.012644471963,2,29.0576,1467.0,27.51
965,268538667,268538668,57.89813907431432,1,29.0576,72.0,27.65
966,269459224,269459225,33.4204131476912,4,29.0576,10662.0,25.44
967,2358067020,268538935,21.480209695294054,3,29.0576,7443.0,26.13
968,1614922961,2358067022,12.911290251208795,2,29.0576,3981.0,26.16
969,268539951,268539952,11.602520778433451,1,29.0576,1458.0,27.25
970,317640723,317640724,51.93135177824079,3,29.0576,1707.0,27.65
971,353033942,353033941,21.619977311469903,2,29.0576,369.0,28.17
972,1614922734,1614922736,47.97864679378125,2,29.0576,2565.0,28.04
973,317642126,317642127,47.036525786333584,2,29.0576,0.0,28.42
974,365786986,365786987,41.53241272868651,4,29.0576,11535.0,26.03
975,317642135,317642136,23.223817880634225,3,29.0576,1194.0,28.54
976,2358067023,268538917,22.37494102554116,3,29.0576,5838.0,26.37
977,269459482,269459483,20.64759128902254,2,29.0576,2772.0,27.83
978,269460923,269460924,39.22359462171602,2,29.0576,7434.0,25.28
979,540985506,540985718,14.547058977995505,2,29.0576,1353.0,27.57
980,268538917,2358067019,21.36794719103673,3,29.0576,5895.0,26.22
981,269459426,269459433,57.51600748299967,2,29.0576,855.0,28.58
982,268649512,268649513,7.22503978319557,2,29.0576,1860.0,28.16
983,268537918,268537919,51.89318657585798,6,29.0576,15054.0,26.32
984,269460922,269460923,42.65794234848602,2,29.0576,7467.0,25.43
985,807631221,38454746,57.22593229887235,4,29.0576,11799.0,25.13
986,317643099,317643100,28.15101061616024,2,29.0576,1488.0,28.56
987,269461333,269461334,34.15946968255844,2,29.0576,2718.0,27.26
988,269460851,269460852,28.62866605306184,2,29.0576,2751.0,27.54
989,269459489,269459490,16.924575831532035,2,29.0576,0.0,0.0
990,317640725,317640726,45.80628537221256,2,29.0576,714.0,28.45
991,317650521,317650554,48.758730415945685,5,29.0576,13077.0,25.46
992,2351071554,37976427,33.997762320376296,3,29.0576,2511.0,28.18
993,317645312,317645313,100.81575486357583,3,29.0576,5376.0,26.29
994,269459507,604238568,15.923020504079268,2,29.0576,6285.0,25.75
995,268539949,268539950,9.980145566397283,1,29.0576,1458.0,28.24
996,1614922784,6390186624,4.0902937416524034,1,29.0576,411.0,28.82
997,326746161,326746163,21.184986972113485,2,29.0576,2811.0,27.63
998,1832222747,353034446,57.17098529610629,6,29.0576,15570.0,24.23
999,6876014917,4074022322,32.36041672140366,4,29.0576,1149.0,28.71
1000,269459506,604238447,13.822705050492342,2,29.0576,6285.0,25.83
1001,269460930,269460931,37.6505033702968,1,29.0576,183.0,28.72
1002,806547140,268648982,18.96881895825047,2,29.0576,2268.0,21.85
1003,317641203,317641205,18.163976883209617,1,29.0576,849.0,28.15
1004,269459515,269460921,39.07646437287162,2,29.0576,7674.0,25.55
1005,317645313,317645314,99.57031720201827,3,29.0576,5280.0,26.21
1006,317645346,317645347,12.623067764652635,3,29.0576,3420.0,27.41
1007,1614922835,1614922838,24.50057621888439,1,29.0576,1953.0,27.68
1008,338507122,338507123,6.535408234141069,1,29.0576,804.0,28.3
1009,2351053517,71987159,10.00356408385094,4,20.1168,2847.0,16.82
1010,268539332,268539333,53.288502533978935,4,29.0576,5478.0,27.32
1011,268537944,268537945,69.89270839676288,2,29.0576,1143.0,28.26
1012,4020085069,4020085070,41.02720413300858,2,29.0576,0.0,0.0
1013,1614922854,1614922865,30.69777530123121,1,29.0576,4437.0,26.31
1014,1969136992,1969136991,23.19060993513329,1,29.0576,2754.0,25.9
1015,6876014914,6876014915,60.82386264049554,1,29.0576,1446.0,27.98
1016,6883792588,268539960,36.57284873553039,1,29.0576,1701.0,22.2
1017,269459338,269459339,47.97574564224608,5,29.0576,14088.0,26.91
1018,268539785,6849087050,6.914551079346436,2,29.0576,1956.0,25.63
1019,268539785,6849087043,8.423017527675864,2,29.0576,165.0,28.71
1020,15068253,604238311,31.621725702478702,2,29.0576,1341.0,27.94
1021,1613371771,269460849,142.16985967258182,2,29.0576,2832.0,28.53
1022,1613371771,269459373,228.0325227136112,3,29.0576,4410.0,27.51
1023,269460944,269460945,43.51411643156233,6,29.0576,16551.0,26.27
1024,268538649,268538650,25.10217800687261,1,29.0576,51.0,28.74
1025,5707478704,268539947,31.088023424678536,1,29.0576,324.0,28.8
1026,268538932,268538933,21.82502881238149,3,29.0576,7047.0,26.34
1027,269459085,283382571,69.00534243907727,5,29.0576,11568.0,24.51
1028,2358067008,268538922,22.04696891990859,3,29.0576,6957.0,27.53
1029,607954829,72744388,24.62562765565408,1,29.0576,0.0,0.0
1030,604238307,604238308,4.918946655704039,2,29.0576,42.0,29.31
1031,268538756,268538757,35.819755979106034,2,29.0576,3720.0,26.82
1032,317642134,317642135,26.79550788146618,3,29.0576,1155.0,28.53
1033,268537919,268537920,69.06109135578416,6,29.0576,15234.0,26.03
1034,268643594,2351053287,12.329977496321684,2,29.0576,1080.0,28.65
1035,1614923036,1614923034,11.521156841710592,2,29.0576,3936.0,27.15
1036,2358067010,268538919,21.984665653279404,3,29.0576,5016.0,26.89
1037,1614923029,37976436,23.275086195042142,4,29.0576,11640.0,2.45
1038,269461339,540985362,77.70860652774384,2,29.0576,2196.0,27.66
1039,269461339,1997429756,44.40858308858385,2,29.0576,654.0,28.43
1040,26208928,2351071540,33.997261059501206,3,29.0576,2733.0,28.33
1041,2351071540,2351071554,32.1962851635562,3,29.0576,2664.0,28.24
1042,269460921,269460922,51.103810950858325,2,29.0576,7479.0,25.63
1043,269460921,269460928,78.24498259692287,1,29.0576,189.0,28.81
1044,2974954237,2358067008,15.12202163614362,2,29.0576,3681.0,22.28
1045,1614922968,1614922965,12.705440026873298,1,29.0576,972.0,27.26
1046,268537917,268537918,53.29667224363949,6,29.0576,12990.0,26.58
1047,268538905,268538962,80.78146582044151,4,29.0576,11577.0,27.26
1048,268644698,2351053508,13.46060387906368,1,29.0576,666.0,28.54
1049,317643104,317643106,24.689214511293542,2,29.0576,3036.0,28.36
1050,540985403,540985413,27.734019797924205,2,29.0576,1440.0,27.65
1051,7159741548,1614922819,4.29473951717745,1,29.0576,300.0,28.6
1052,1621320670,1621320667,8.647948872718704,2,29.0576,555.0,28.39
1053,269460926,269460927,51.106361189034814,2,29.0576,7362.0,21.62
1054,1614922795,1614922786,65.8605216091257,2,29.0576,936.0,28.54
1055,4020471404,268648894,20.84823232631449,2,29.0576,0.0,0.0
1056,1614922733,7056145719,7.898808334484579,2,29.0576,2427.0,28.26
1057,1530583770,1530583594,70.57829913287787,1,29.0576,507.0,27.98
1058,1614922739,1614922740,55.83550835113005,2,29.0576,0.0,0.0
1059,1614923043,2351053199,4.704919049600475,2,29.0576,2835.0,28.77
1060,268644785,268644978,96.79504807660744,3,29.0576,1608.0,28.25
1061,28448404,1832222753,55.861428887029845,4,29.0576,12054.0,23.66
1062,317640718,317640719,31.717088961218817,3,29.0576,2073.0,27.66
1063,2358067005,540985818,28.356222280698503,4,29.0576,14625.0,21.95
1064,269459237,269459238,27.615096098331595,3,29.0576,7182.0,25.62
1065,2351071533,268649420,31.572472911413985,3,29.0576,3330.0,28.08
1066,2351053210,2351053408,14.573041744802469,1,29.0576,327.0,28.5
1067,353034884,353034885,42.11008929275745,2,29.0576,1905.0,27.73
1068,1614922831,1614922827,33.81510058556656,1,29.0576,1971.0,27.56
1069,540985489,540985498,22.19044656786442,2,29.0576,1332.0,27.6
1070,6833701511,271049966,3.771689321437061,2,29.0576,1209.0,28.3
1071,268539964,268539965,8.004363407276639,1,29.0576,81.0,28.91
1072,317643098,317643099,31.34330176489141,2,29.0576,1218.0,28.33
1073,353033055,353033056,67.21418647529131,6,29.0576,16026.0,24.77
1074,540985798,540985803,18.12723695382589,2,29.0576,1563.0,27.34
1075,317650554,317650555,37.99848725203415,5,29.0576,13035.0,23.32
1076,268644697,2351053298,13.41936325736431,1,29.0576,786.0,28.58
1077,317641208,317641210,38.68929234383175,1,29.0576,528.0,28.24
1078,317642131,317642132,40.619033311219056,3,29.0576,876.0,28.67
1079,2894755455,1614922884,12.471449346540105,2,29.0576,864.0,28.66
1080,910997773,317643902,71.51177601069598,2,29.0576,3306.0,27.48
1081,269459481,269459482,12.534693585629208,2,29.0576,2772.0,27.87
1082,1614922924,1614922915,10.36937143077915,1,29.0576,429.0,27.01
1083,338507125,338507085,15.142736239603346,1,29.0576,477.0,28.74
1084,2358067003,268538914,362.69878553156326,3,29.0576,6699.0,25.1
1085,269459397,269459398,31.513481234101388,2,29.0576,1512.0,28.19
1086,317644087,72603226,15.780187979630677,2,29.0576,0.0,0.0
1087,268648982,2351053504,32.415269969755585,2,29.0576,7224.0,26.78
1088,540985718,540985730,18.951262183980727,2,29.0576,1353.0,27.54
1089,1613371761,1613371762,66.3210509373279,3,29.0576,7287.0,26.08
1090,317640720,317640721,24.91661474556794,3,29.0576,2037.0,27.45
1091,353034889,353034890,90.36390853033043,2,29.0576,1911.0,27.49
1092,372968833,372968834,10.307209980680945,1,29.0576,81.0,28.92
1093,6390186624,6390186625,3.161366430090369,1,29.0576,402.0,28.84
1094,326746171,546611033,17.086220468565664,2,29.0576,2859.0,27.47
1095,268537915,268537916,54.87774459742014,6,29.0576,11412.0,27.6
1096,338507112,338507113,9.225282341342393,4,29.0576,3858.0,27.68
1097,319435661,319435662,20.74824625426497,1,29.0576,360.0,28.98
1098,1613371640,1613371633,70.30944147080646,3,29.0576,3588.0,26.16
1099,269460850,269460851,28.279263203475807,2,29.0576,2772.0,27.62
1100,269459492,269459494,22.179202969740192,2,29.0576,0.0,0.0
1101,123422870,2894755455,14.215507591672042,2,29.0576,822.0,28.63
1102,123422870,2894755454,35.14685511414015,5,20.1168,1365.0,19.84
1103,353034886,353034887,58.39528736434971,2,29.0576,1866.0,27.63
1104,1614922865,31479975,81.2074672061498,1,29.0576,4464.0,25.06
1105,1614923046,2351053334,11.865248338130032,2,29.0576,1674.0,28.83
1106,1614923046,4032311967,6.695126015816654,1,29.0576,540.0,28.6
1107,283382636,286375277,49.22674507568292,5,29.0576,7731.0,26.02
1108,317645314,317645339,28.30926092082386,3,29.0576,5025.0,26.38
1109,317644073,317644074,10.575788419358798,2,29.0576,0.0,0.0
1110,317642128,910997306,40.87762479143267,3,29.0576,738.0,28.74
1111,4019941243,1614923053,40.73760151843284,2,29.0576,3120.0,27.85
1112,268539899,1614922964,51.3858216649021,4,20.1168,0.0,19.29
1113,268539899,5707478704,6.296564553201447,1,29.0576,324.0,28.81
1114,558487390,19365037,107.2451097974726,5,29.0576,15168.0,25.13
1115,317640727,317640728,96.77913379056088,2,29.0576,615.0,28.34
1116,363477390,807631219,133.20416034823572,2,29.0576,816.0,28.76
1117,363477390,911278917,127.24660970614988,5,29.0576,8340.0,27.45
1118,317641205,317641206,18.147008256686885,1,29.0576,753.0,28.14
1119,317643336,317643337,18.96368772272722,1,29.0576,1227.0,26.96
1120,317644086,317644087,9.641295097342898,2,29.0576,0.0,0.0
1121,1613371666,1614922757,32.096610905475664,3,29.0576,6543.0,25.86
1122,317650663,317650664,15.017330143194846,3,29.0576,6066.0,26.92
1123,268538835,268538836,31.562522131715884,2,29.0576,5907.0,25.89
1124,1614922738,653766,100.1184432621274,1,29.0576,375.0,28.12
1125,604238311,4020085071,54.595624996217616,2,29.0576,1419.0,27.64
1126,1614922996,269459457,100.347451188847,2,29.0576,2421.0,28.04
1127,1621320634,1621320645,68.57728353139049,1,29.0576,1149.0,28.02
1128,807631225,269459421,117.39456780759356,2,29.0576,816.0,28.67
1129,1621320619,1621320606,84.17792229739723,2,29.0576,627.0,28.46
1130,268649419,2351071533,34.660349839332554,3,29.0576,2991.0,28.11
1131,1614922838,1614922842,22.74536895987187,1,29.0576,1953.0,27.52
1132,353034446,353034882,155.6157105104415,2,29.0576,1812.0,28.17
1133,353034446,353034591,244.6330418149836,4,29.0576,14517.0,24.17
1134,269459289,807592204,39.28374492144676,1,29.0576,810.0,28.44
1135,6849087046,2894755456,10.397875291391104,2,29.0576,2130.0,28.23
1136,6883792580,268539949,10.992017171060937,1,29.0576,1377.0,27.46
1137,1997429749,269461344,70.38057717632839,1,29.0576,624.0,28.32
1138,317643096,317643097,18.603781656611677,3,29.0576,540.0,28.6
1139,1614922788,1613371721,148.91012735192544,1,29.0576,645.0,28.02
1140,6390186627,6390186628,1.6619891982614126,1,29.0576,183.0,28.8
1141,1614923049,2351053272,17.6735808162893,2,29.0576,1284.0,28.75
1142,1621320650,1621320649,11.00136654365623,2,29.0576,621.0,28.54
1143,546611033,326746173,17.732731744606163,2,29.0576,2859.0,27.23
1144,268649420,2351071549,38.24454300909687,3,29.0576,3582.0,27.96
1145,1613371705,1613371698,85.84920763050069,3,29.0576,4905.0,26.82
1146,2351053367,268649211,12.382779187290929,2,29.0576,1389.0,27.89
1147,6390186632,4020085078,22.56099869856689,2,29.0576,558.0,27.65
1148,72602899,6481779968,12.892729221857287,2,29.0576,0.0,28.84
1149,1613371698,1613371697,43.05376456910456,3,29.0576,4893.0,26.8
1150,268649211,268649511,9.513712328780684,2,29.0576,1659.0,27.95
1151,1614922740,4020085069,32.52364205893138,2,29.0576,0.0,0.0
1152,2351053413,1614923042,4.279854878027962,1,29.0576,3078.0,27.93
1153,269460916,269459515,61.102943783271975,1,29.0576,858.0,26.91
1154,269460895,18882157,112.30736850828376,4,20.1168,2406.0,19.96
1155,269460895,269460896,37.60895609153565,1,29.0576,933.0,28.42
1156,26208916,1614922982,25.728964842961396,4,29.0576,13050.0,23.38
1157,1621320606,1997429751,25.371677344104715,2,29.0576,639.0,28.4
1158,1614922926,6876014919,7.166743137606596,1,29.0576,456.0,28.57
1159,268539950,268539951,9.259075427241305,1,29.0576,1458.0,27.52
1160,910997351,29098665,35.159185016207346,5,29.0576,6753.0,26.81
1161,540985498,540985506,16.986937392584768,2,29.0576,1332.0,27.56
1162,19365030,38504557,25.49300655531009,5,29.0576,14928.0,25.65
1163,268538837,268538838,35.221188950845274,2,29.0576,6081.0,25.66
1164,1613580550,1969136943,55.879659472789406,3,29.0576,5463.0,27.58
1165,2351053222,2351053446,13.584319182406396,1,29.0576,60.0,28.95
1166,268539758,268539759,41.94179429352203,4,29.0576,12531.0,25.44
1167,269460936,269460937,26.443529831674272,1,29.0576,93.0,28.75
1168,317643100,317643101,24.42574121938544,2,29.0576,1488.0,28.53
1169,317642139,317650696,20.119215186582597,3,29.0576,1746.0,28.39
1170,2351071555,2351071532,26.268758814713223,3,29.0576,3543.0,28.67
1171,268539310,6876014908,44.49008439655262,1,29.0576,93.0,29.36
1172,268648897,2351053312,19.669374513359596,2,29.0576,0.0,0.0
1173,317645347,1339369210,31.130835678803265,3,29.0576,3411.0,27.38
1174,353033944,353033943,22.409671177739607,2,29.0576,408.0,28.22
1175,31479975,1613371752,125.01929611092906,3,29.0576,7554.0,27.75
1176,317642137,317642138,27.710561187097905,3,29.0576,1302.0,28.55
1177,1614922853,1614922855,21.566746075770187,2,29.0576,3438.0,27.24
1178,268538938,268538939,18.53297125455266,3,29.0576,4341.0,27.83
1179,268538938,1614922848,39.47278648082887,2,29.0576,3405.0,27.58
1180,269461334,269461335,31.940675133994965,2,29.0576,2745.0,27.18
1181,604238278,72744375,34.911439450372804,1,29.0576,0.0,0.0
1182,317640726,317640727,66.0688756411208,2,29.0576,666.0,28.39
1183,317643881,317643882,30.07209031155132,3,29.0576,1158.0,28.51
1184,317642136,317642137,29.462506797363403,3,29.0576,1266.0,28.56
1185,269460897,269460898,13.07089477077806,1,29.0576,906.0,28.41
1186,6883792577,268539956,19.17073853092062,1,29.0576,1620.0,27.79
1187,1614922747,4020085073,5.98479367944059,2,29.0576,0.0,0.0
1188,269460508,326746161,25.574510564343043,2,29.0576,2811.0,27.67
1189,2351053233,268648982,16.798897661249395,2,29.0576,4869.0,21.69
1190,2358067012,326723913,283.40692960025547,4,29.0576,7122.0,26.14
1191,269461335,269461336,34.52245100515429,2,29.0576,2793.0,27.12
1192,6883792585,6883792586,13.19844777122923,1,29.0576,810.0,28.33
1193,1614922972,2358067004,11.615745045584724,2,29.0576,4419.0,26.86
1194,268538918,2358067010,21.61552118688245,3,29.0576,5397.0,26.5
1195,1621320604,1997429742,17.944701015903792,2,29.0576,672.0,28.36
1196,353034592,353034593,40.373017464189296,4,29.0576,14790.0,25.65
1197,283382628,283382575,38.71873791645247,5,29.0576,9489.0,25.26
1198,1832222749,269459224,38.04955033177656,4,29.0576,10578.0,23.56
1199,38454746,326711425,64.22265831001535,4,29.0576,12849.0,25.48
1200,317650659,317650660,43.57356690736094,3,29.0576,5766.0,27.53
1201,372968834,268539970,12.045830592364885,1,29.0576,81.0,28.91
1202,317645242,317645243,83.75144423293817,3,29.0576,5004.0,26.28
1203,317643329,317643330,11.342465967435414,1,29.0576,687.0,27.05
1204,317650700,317650701,34.003194350054905,3,29.0576,2238.0,28.0
1205,6390186625,1614922782,2.696763664042797,1,29.0576,282.0,28.78
1206,338507116,1614922946,25.47974853138262,4,29.0576,2505.0,27.11
1207,317643323,317643324,10.621054201931054,1,29.0576,369.0,28.77
1208,326725281,269459287,45.27364434918342,2,29.0576,810.0,28.64
1209,6876014915,268539535,19.174642518620395,1,29.0576,1434.0,27.92
1210,1613371696,1613371699,44.6070712560808,3,29.0576,6834.0,25.69
1211,1614923035,2351053244,8.53103489052593,2,29.0576,3687.0,27.79
1212,268539788,6849087042,7.932489113738737,2,29.0576,222.0,28.61
1213,404827084,404827086,12.401371404495494,2,29.0576,4959.0,25.83
1214,1614923044,2351053195,20.45516031410494,2,29.0576,3015.0,28.12
1215,268539960,26208916,58.94553095303973,4,29.0576,13227.0,21.67
1216,1614922817,7159741549,6.300400061657254,1,29.0576,219.0,26.98
1217,268539955,6883792577,8.74545970366886,1,29.0576,1620.0,28.09
1218,1613371633,1613371620,70.3204939632582,3,29.0576,3477.0,25.96
1219,269461329,1997429733,29.372735618055067,2,29.0576,1926.0,27.36
