edge_from;edge_id;edge_length;edge_numLanes;edge_speed;edge_to
1614922744;0;23.141938940358326;2;29.0576;1614922747
269459339;1;60.82639799579684;5;29.0576;269459341
1621320618;2;109.46496614412193;2;29.0576;1621320622
269459229;3;160.72064533082346;3;29.0576;269459230
607954833;4;173.0177062695189;3;29.0576;1613371666
4055678332;5;53.845946059546144;4;29.0576;807631221
268538950;6;105.71026949263089;4;29.0576;1614922891
1613371754;7;78.96506974414679;3;29.0576;1613371761
1614923010;8;7.941130461025734;1;29.0576;1614923008
317643895;9;33.51002724442035;3;29.0576;317643896
1997429756;10;28.741386533165795;2;29.0576;1997429749
404828672;11;58.04146875912769;4;29.0576;404828674
2358067024;12;24.88586482160957;3;29.0576;269459236
72744120;13;55.1919407674255;2;29.0576;72743927
2358067026;14;21.802207365426025;3;29.0576;268538920
268538665;15;32.670138494276884;1;29.0576;268538666
338507115;16;10.032723141148844;4;29.0576;338507116
269459425;17;20.168741665225777;2;29.0576;269459426
317640401;18;24.471421058357095;3;29.0576;317640716
317640401;19;46.65159025729162;1;29.0576;317641203
2351053412;20;17.390999932921087;2;29.0576;2351053233
16582685;21;82.83580167662717;3;29.0576;607954833
269459287;22;17.88337864862518;2;29.0576;269459288
6833701513;23;8.338476871073944;2;29.0576;1614922731
2358067021;24;16.898468882436436;3;29.0576;268538941
268539967;25;11.11136761668187;1;29.0576;372968829
7159741550;26;3.779337113182924;1;29.0576;1614922818
2351071530;27;27.66559337066911;3;29.0576;2351071550
363433967;28;52.72201293474377;2;29.0576;72602888
2358067014;29;10.950337869500496;2;29.0576;404827084
317645260;30;37.17806310613524;3;29.0576;317645261
317643110;31;38.86208963154789;2;29.0576;910997750
1621320652;32;8.763698729604267;2;29.0576;1621320650
1613371686;33;49.39727282398285;3;29.0576;1613371696
271049967;34;3.7479519220770747;2;29.0576;6833701511
1614922823;35;21.589078161812118;1;29.0576;1614922826
353034891;36;27.093064727896685;2;29.0576;353035386
1969136948;37;39.8585922658673;3;29.0576;1613580550
2351053336;38;16.59370351583837;2;29.0576;268648979
268539536;39;46.84710774850431;1;29.0576;268539537
268538668;40;23.98258204262588;2;29.0576;268538752
317640722;41;36.20559253571688;3;29.0576;317640723
268539390;42;25.449011990185742;4;29.0576;268539391
2351053429;43;15.093868627725657;1;29.0576;2351053222
269459235;44;24.99800222028653;3;29.0576;2358067024
317643108;45;41.471076086543086;2;29.0576;317643109
268537945;46;183.13546299260648;2;29.0576;268537922
269459084;47;38.529397816963844;5;29.0576;269459161
1614922743;48;41.62593872129922;2;29.0576;1614922745
6876014918;49;23.51513099050656;1;29.0576;1614922914
269460853;50;23.991302170020216;2;29.0576;269460854
268539396;51;42.83287571506242;4;29.0576;268539387
269460934;52;40.48977475904981;1;29.0576;269460935
6876014908;53;23.62286337638197;1;29.0576;268539329
7056145721;54;7.880393577768079;2;29.0576;1614922732
1621320658;55;11.05655938987706;2;29.0576;1621320652
604238309;56;5.451971607171034;2;29.0576;604238310
326725084;57;76.07870314549902;2;29.0576;1884813424
317643101;58;20.64595338499899;2;29.0576;317643102
36729585;59;90.21675619237672;3;29.0576;36729574
540985730;60;16.63682165645361;2;29.0576;540985737
2351053312;61;22.946742148963107;2;29.0576;268648895
2351053272;62;18.136871852797118;2;29.0576;268643594
283382571;63;30.551385267704166;5;29.0576;283382572
283382572;64;40.39562648122763;5;29.0576;283382628
68267437;65;114.36780220948079;4;29.0576;1614923029
268539966;66;10.355915495366547;1;29.0576;268539967
72744388;67;30.24025398172123;1;29.0576;72744401
2351071543;68;25.718072074186114;4;29.0576;2351071535
317644071;69;13.849548869316273;2;29.0576;317644072
19365022;70;125.72346967168716;5;29.0576;653767
283382575;71;56.778840089378235;5;29.0576;283382636
269459496;72;31.62775421837045;2;29.0576;38454765
540985396;73;22.543161975208495;2;29.0576;540985403
6883792581;74;4.982680106681777;1;29.0576;6883792583
317810971;75;53.683550289620385;2;29.0576;317810972
269459490;76;21.680594729993736;2;29.0576;269459491
607902543;77;63.21710906695803;2;29.0576;4020085075
1614922812;78;6.927917126438299;1;29.0576;4621006497
317643106;79;29.03248745050187;2;29.0576;317643107
269459422;80;21.337843701721496;2;29.0576;269459424
6833701510;81;3.0940541318387678;2;29.0576;271049967
268539762;82;25.87668988588937;4;29.0576;20972371
268539762;83;42.75863917289809;2;29.0576;268539781
1614922814;84;5.3756087903834135;1;29.0576;4621006496
317650702;85;45.828351965518785;3;29.0576;317650658
5689452775;86;38.08490540809216;2;29.0576;1614922951
2351053442;87;13.992513406694671;2;29.0576;268648978
4020085081;88;20.08794430848779;2;29.0576;6481779969
1614923056;89;14.285593298036527;1;29.0576;2351053305
269460931;90;43.93624120351267;1;29.0576;269460932
353034594;91;45.87701711223389;4;29.0576;353034595
2351053431;92;14.100371796426343;1;29.0576;268644696
268539958;93;14.230983038847835;1;29.0576;6883792587
1614923058;94;36.39428403501603;2;29.0576;4019941243
317643902;95;58.77954007215628;2;29.0576;4065544418
1614922982;96;86.13198304367856;4;29.0576;20972370
1614922982;97;19.608243055989863;1;29.0576;1614922988
7056145720;98;7.179658132232241;2;29.0576;1614922733
2894755458;99;11.313230690263039;2;29.0576;6849087045
1613580566;100;25.43115478331043;2;29.0576;1613580564
1615052982;101;24.89007387304706;1;29.0576;317643322
15717259;102;12.720654365322249;1;29.0576;268539963
365786988;103;76.97268818648193;4;29.0576;20972369
317650697;104;25.555022304688727;3;29.0576;317650698
2358067006;105;19.37459810530103;3;29.0576;268538936
1614922929;106;44.54432400584271;2;29.0576;268539761
1614922749;107;31.74114141527765;2;29.0576;1614922748
269460928;108;31.56285720333539;1;29.0576;269460929
268539970;109;17.735786569536675;1;29.0576;268539956
1969136943;110;93.66847601112755;3;29.0576;1613371722
269459502;111;22.04831546496334;2;29.0576;269459503
268537916;112;52.45701249921612;6;29.0576;268537917
1614923005;113;10.778898272434665;1;29.0576;1614923004
269459076;114;12.675680994362311;1;29.0576;269459077
38454765;115;26.2554820940297;2;29.0576;1997432689
269459332;116;42.558368501662315;4;29.0576;4065544424
1613580546;117;33.9682350492128;3;29.0576;1614922758
2351053406;118;12.808719109858648;1;29.0576;2351053200
540985389;119;25.79340897477044;2;29.0576;540985396
1614923028;120;38.886412116726845;2;29.0576;1614923023
269459227;121;69.04013622214983;4;29.0576;807592312
326711221;122;64.01283030776302;4;29.0576;326712429
353033941;123;25.148044777150158;2;29.0576;353033940
6390186633;124;8.073317738739522;2;29.0576;6390186634
269459421;125;29.11181325048889;2;29.0576;269459422
4020085070;126;20.839743104510237;2;29.0576;1614922744
353033060;127;65.91081444006558;6;29.0576;353033061
363467641;128;145.52355158417564;5;29.0576;653768
2351071550;129;25.878656980651034;3;29.0576;268644785
326746173;130;32.13783223804023;2;29.0576;546611053
540985780;131;46.88088754380626;2;29.0576;540985792
269459226;132;52.371139781888644;4;29.0576;269459227
6849087041;133;8.16403194028351;2;29.0576;495807636
268539329;134;45.774243976505396;1;29.0576;268538960
1614922815;135;23.098745262641117;1;29.0576;4020085082
269459512;136;30.554011408748458;2;29.0576;269459513
806547128;137;13.567417037279998;2;29.0576;2351053367
268539965;138;6.799691530852674;1;29.0576;6883792578
2351053198;139;65.70419689091689;1;29.0576;1614923048
2351053379;140;41.759731365341786;2;29.0576;2351053499
1884813424;141;13.366480540438355;1;29.0576;1884813423
1884813424;142;61.49056170831324;1;29.0576;21420438
69275584;143;9.885694161866235;2;29.0576;6390186633
269460933;144;40.480567879464324;1;29.0576;269460934
1614922773;145;51.65497913453175;2;29.0576;4020085076
69004190;146;76.73778380799797;4;29.0576;1347515619
1614923037;147;8.23707440967945;1;29.0576;2351053324
269459396;148;37.833483557091476;2;29.0576;269459397
1614922793;149;22.561770282394267;2;29.0576;4020085079
268538920;150;21.640747850871517;3;29.0576;2358067009
540985446;151;16.840111096609675;2;29.0576;540985467
317650658;152;42.95449676819271;3;29.0576;317650659
4020085071;153;46.25324855917996;1;29.0576;1614922742
317650556;154;38.46906763734114;5;29.0576;1615052988
7159741546;155;9.54849311607623;1;29.0576;1614922820
1614922750;156;79.40473623631432;2;29.0576;1614922751
4020085079;157;48.62896988127549;2;29.0576;1614922798
910997507;158;29.56136728403968;2;29.0576;317643108
1614923032;159;22.77943549138764;1;29.0576;2351053479
1614923032;160;20.431747461372286;2;29.0576;2351053379
1621320610;161;5.315897391256448;2;29.0576;1621320612
269460523;162;187.2719448199677;2;29.0576;269460527
20948456;163;54.411984926305564;5;29.0576;653771
4065544423;164;44.063822756633456;1;29.0576;269459296
2894755454;165;35.14685511414015;5;20.1168;123422870
269459225;166;41.15700166795505;4;29.0576;269459226
353033059;167;108.15478192884147;6;29.0576;353033060
269460920;168;92.94222715297596;6;29.0576;353033055
4074022322;169;50.90779060047981;4;29.0576;368062278
2358067011;170;21.424269205582;3;29.0576;268538923
372968829;171;7.923906055843699;1;29.0576;268539968
317643896;172;30.633587499415274;3;29.0576;317643897
1621320682;173;11.523425070636145;2;29.0576;1621320675
317643332;174;14.078972102117818;1;29.0576;317643333
317644085;175;9.511760862220116;2;29.0576;317644086
1614922765;176;29.876871264684585;2;29.0576;1614922773
268539759;177;76.22101614890536;4;29.0576;268539761
38504672;178;207.42212450036308;2;29.0576;363468866
269461338;179;52.54835820459265;2;29.0576;269461339
317643337;180;52.54743728535506;1;29.0576;317643104
268537921;181;145.06819534123701;6;29.0576;268537922
338507108;182;21.079103980960692;4;29.0576;338507109
10559936;183;73.17100459437158;4;29.0576;250056463
269459378;184;172.89576045980039;3;29.0576;269460527
14941348;185;51.60747366541908;2;29.0576;807592268
268538960;186;57.246972010880384;4;29.0576;268538950
268644721;187;92.08513334810709;1;29.0576;268644978
268537914;188;55.63290082895273;6;29.0576;268537915
268539952;189;11.222791506724185;1;29.0576;268539953
268539968;190;8.666091942396271;1;29.0576;268539969
326711425;191;122.32999385934089;4;29.0576;326711221
72602764;192;152.05674237080095;2;29.0576;1614922741
72602764;193;125.49564740996115;5;29.0576;19365022
269460522;194;48.22586086633047;2;29.0576;269460523
338507110;195;12.145892450276543;4;29.0576;338507111
1614922953;196;46.30733855249223;2;29.0576;1614922956
6390186634;197;8.2184210080585;2;29.0576;1614922783
1613371651;198;45.05696362914816;3;29.0576;1613371645
268649513;199;9.210922563219912;2;29.0576;806547083
653764;200;47.342770422899235;5;29.0576;910997771
1838308388;201;40.72081335487374;1;29.0576;1838308389
317644068;202;40.753994797278565;1;29.0576;317644069
2358067009;203;43.34128601551073;3;29.0576;2358067008
1614923045;204;5.652417361834971;2;29.0576;1614923043
317643326;205;9.544555444917265;1;29.0576;317643327
317643900;206;46.38801020500873;5;29.0576;653764
271054161;207;73.57515678463132;3;29.0576;271054229
317650661;208;18.934573355282968;3;29.0576;317650662
540985748;209;24.177783298783915;2;29.0576;540985771
6876014935;210;19.318460701151004;2;29.0576;6876014936
4020085073;211;27.331498677243065;2;29.0576;72744345
1615052989;212;42.017631033198036;6;29.0576;1832222747
1614922956;213;236.3167704901603;2;29.0576;2358067016
1347515636;214;28.659475164533976;4;29.0576;268538952
269459073;215;9.664638536833637;1;29.0576;269459074
317643325;216;10.42588093493244;1;29.0576;317643326
2351053446;217;67.46413472905763;3;29.0576;268645017
1614922837;218;27.321873426813717;1;29.0576;1614922843
4020085082;219;13.469671044089601;2;29.0576;122482411
317645243;220;49.954301391827;3;29.0576;317645259
1614922821;221;31.80200901279437;1;29.0576;1614922823
1613371655;222;89.78435734505115;2;29.0576;1614922739
1613371655;223;258.4842070152355;3;29.0576;16582685
1613371763;224;211.8575437874183;3;29.0576;1613371771
268539969;225;9.321055690447894;1;29.0576;372968833
540985438;226;31.634678971213496;2;29.0576;540985446
1969136994;227;31.158287198459725;2;29.0576;1969136992
269459398;228;24.71015373587775;2;29.0576;269459399
363429677;229;35.26207752863625;5;29.0576;910997351
1614922746;230;22.217602495336266;2;29.0576;38504569
4020471402;231;64.18861960629509;4;29.0576;2351053517
1614922742;232;110.587429597141;1;29.0576;1614922738
604319666;233;118.69899446002105;4;29.0576;6876014906
604319666;234;58.93824713877203;2;29.0576;6876014905
269459504;235;21.12318470098505;2;29.0576;269459505
1613371775;236;73.76188427198261;6;29.0576;1613371776
2358067027;237;16.689227070457775;3;29.0576;268538940
1613371685;238;79.48513546259194;3;29.0576;1613580546
326725280;239;67.1630606028381;2;29.0576;326725281
317641213;240;15.006728617369108;2;29.0576;317641214
21150968;241;13.723855335313198;2;29.0576;6876014935
317643330;242;11.869072759801137;1;29.0576;317643331
6964842136;243;19.317724115570456;2;29.0576;1613371746
317810974;244;30.734096089218543;2;29.0576;317648078
1614923053;245;48.066769186578625;2;29.0576;14941348
268538832;246;16.813069523830208;1;29.0576;268539307
269459401;247;114.45878409699144;2;29.0576;269459402
317643322;248;14.720598923618654;1;29.0576;317643323
268539963;249;10.14113861024038;1;29.0576;268539964
2358067018;250;72.23508920779628;5;29.0576;558487390
269460849;251;56.49021324113758;2;29.0576;269460850
404827081;252;10.947023146104273;2;29.0576;404827082
317643335;253;17.103509718936483;1;29.0576;317643336
269459342;254;66.84869548905169;5;29.0576;269459084
269460521;255;21.753291812777086;2;29.0576;269460522
1614922820;256;65.13185766756801;1;29.0576;1614922823
1621320645;257;83.21861934432955;1;29.0576;353033065
2974954238;258;34.15755725385901;2;29.0576;2974954237
540985818;259;26.74392286819673;5;29.0576;2358067018
1621320692;260;45.90797700441134;2;29.0576;1621320682
269460945;261;52.66499838682659;6;29.0576;269460946
326746165;262;18.0634939335603;2;29.0576;326746167
1738813601;263;84.20261178155076;1;29.0576;1614923029
268538934;264;21.599442471448455;3;29.0576;2358067020
268649369;265;33.966399626488304;3;29.0576;268649418
317641210;266;33.61678354844194;1;29.0576;317641212
269459079;267;14.27476469033132;1;29.0576;269459080
1614922843;268;34.230934244758906;1;29.0576;1614922854
1613580564;269;19.8997608787954;2;29.0576;1613580561
268539658;270;70.56925377116053;4;29.0576;268539659
1614922946;271;46.26447776223807;4;29.0576;5731678872
1614922946;272;23.560399160288327;1;29.0576;338507120
4065544421;273;54.6919930987214;5;29.0576;20948456
1997429742;274;17.76960449967276;2;29.0576;1621320600
317643094;275;16.97779437953941;3;29.0576;1839684627
1614922856;276;14.784957915504638;4;20.1168;268539330
1614922856;277;46.79967406472956;4;20.1168;72743927
1832222753;278;51.6543359251287;4;29.0576;38454761
353034024;279;27.745453897147428;2;29.0576;353033944
4065544418;280;13.407397394201027;2;29.0576;910997614
2358067017;281;50.770927645574325;3;29.0576;268538932
268538746;282;34.72959493205064;2;29.0576;268538747
269459230;283;26.466736070163257;3;29.0576;269459231
268538904;284;80.15385126989783;2;29.0576;268538905
271049968;285;3.3538033375210885;2;29.0576;6833701510
271054229;286;80.68739244591382;3;29.0576;1615052986
540985379;287;96.27835967015457;2;29.0576;540985381
1614922993;288;9.061224271068758;1;29.0576;1614922995
363477990;289;91.81984443130607;4;29.0576;283382639
363477990;290;110.86836313815493;2;29.0576;363478926
317645436;291;78.54737540386482;3;29.0576;317645437
72744401;292;25.192048515257962;1;29.0576;607954827
269459069;293;12.739086540303406;1;29.0576;269459072
2351053334;294;6.074395191343437;2;29.0576;1614923047
317810972;295;41.73871799806268;2;29.0576;317810973
1613371699;296;76.73001642906708;3;29.0576;1613371703
1614923023;297;48.08307631605433;2;29.0576;1614923017
1614922819;298;9.871057231051985;1;29.0576;7159741546
1832222751;299;43.02045517785509;4;29.0576;38454763
317643102;300;51.87434944450007;2;29.0576;317643104
1614922848;301;20.072607769946405;2;29.0576;1614922849
1621320663;302;9.765125967139578;2;29.0576;1621320658
338507121;303;6.3861308484277775;1;29.0576;338507122
317650660;304;23.670989031943375;3;29.0576;317650661
317643883;305;32.29416026675756;3;29.0576;317643895
20972376;306;82.7936276546556;3;29.0576;36729585
268539387;307;69.75434998121045;4;29.0576;365786986
910997524;308;45.58285405817232;3;29.0576;317643899
5731678873;309;31.83397991966723;2;29.0576;4019953153
269459424;310;43.290843642395174;2;29.0576;269459425
495807636;311;8.781933522996496;2;29.0576;3332400452
1614922745;312;10.443953479307742;2;29.0576;4020085072
317643897;313;53.35147892678905;3;29.0576;910997524
269460937;314;30.579167674474743;1;29.0576;269460938
2351053448;315;6.382865293980465;1;29.0576;1614923041
1614922954;316;55.30413727343708;1;29.0576;1614922934
653786;317;666.9423647177618;6;29.0576;1613371774
353034883;318;65.78168123774643;2;29.0576;353034884
268538916;319;21.348287846492386;3;29.0576;2358067023
1621320694;320;44.097749455307245;2;29.0576;6876014934
6883792582;321;5.4764049474631324;1;29.0576;6883792581
2351071549;322;37.77540146169552;3;29.0576;2351071547
21420437;323;70.31133545643753;2;29.0576;326725084
653766;324;48.07088412896509;5;29.0576;317650521
269459234;325;25.852981803641477;3;29.0576;269459235
317642130;326;28.31588815006888;3;29.0576;317642131
604238447;327;13.94107679733365;2;29.0576;269459507
317640721;328;26.629509660923063;3;29.0576;317640722
268538758;329;61.524994570554675;2;29.0576;268538759
2351053287;330;12.864216813588275;2;29.0576;2351053431
6883792583;331;8.274747535143685;1;29.0576;1614922968
540985467;332;20.02412273399933;2;29.0576;540985476
1614922985;333;24.168268782028633;2;29.0576;268538749
3332400452;334;7.263684380168466;2;29.0576;2894755454
317643882;335;18.369812404748675;3;29.0576;317643883
1614922897;336;13.011854432609528;2;29.0576;6876014910
268538753;337;68.97879744402266;2;29.0576;268538754
2351053327;338;15.425872305639812;2;29.0576;2351053192
19365037;339;103.72213911239133;5;29.0576;1613371720
72602888;340;71.63521027140624;5;29.0576;21420499
1613371701;341;108.36528846581268;5;29.0576;19365035
326746167;342;20.706073086959957;2;29.0576;326746169
36729574;343;188.1559125266856;3;29.0576;1613371652
268539307;344;58.681254016901256;1;29.0576;268539308
268538933;345;22.261834190907788;3;29.0576;268538934
37976436;346;28.270691503055453;1;29.0576;2351053406
37976436;347;18.464503753268584;3;29.0576;2351071555
268649546;348;22.18180879587866;2;29.0576;4020471402
1966358992;349;16.905345141465194;2;29.0576;604238307
317642133;350;36.971892823100674;3;29.0576;317642134
540985808;351;23.170972145654485;2;29.0576;540985812
268539953;352;13.55855339760812;1;29.0576;268539954
269460896;353;12.791564810662987;1;29.0576;269460897
6849087043;354;7.544991516909391;2;29.0576;268539788
1613371703;355;131.85573565141885;3;29.0576;1613371721
268538919;356;22.22643717427734;3;29.0576;2358067026
1613371752;357;84.46435494076185;3;29.0576;1613371754
363429192;358;146.4908352030393;5;29.0576;363467641
1621320675;359;8.97911426701134;2;29.0576;1621320670
269459508;360;24.695949268858783;2;29.0576;269459509
6964842137;361;23.073613181917093;2;29.0576;268538903
2351053474;362;19.67120726110804;3;29.0576;268649369
268649418;363;35.048767237085336;3;29.0576;2351071537
338507109;364;34.85597642712287;4;29.0576;338507110
317645259;365;37.10788497342868;3;29.0576;317645260
353034887;366;53.24433779670081;2;29.0576;353034889
269459433;367;42.80563405000659;2;29.0576;1614922996
2351053405;368;16.98878777080717;2;29.0576;2351053327
35361362;369;299.44646460577457;4;29.0576;319435660
35361362;370;44.50852424055533;1;29.0576;1838308388
5043935911;371;12.584687307747272;1;29.0576;6883792585
1614922943;372;45.6045007556053;2;29.0576;1614922936
2351053408;373;13.866739716776571;1;29.0576;1614923055
540985362;374;78.78371765124953;2;29.0576;540985374
38454763;375;42.77835875873466;4;29.0576;1832222749
268538650;376;28.833587036598992;1;29.0576;268538665
317644172;377;168.40618818647593;3;29.0576;317644173
2351071542;378;14.517848844089421;2;29.0576;2351053236
1614922731;379;8.561813243256234;2;29.0576;7056145721
268538939;380;16.638608459622155;3;29.0576;2358067027
1614922914;381;51.78407781068605;4;29.0576;268539388
1614922988;382;11.39739452091206;1;29.0576;1614922991
269459083;383;55.01487033918295;1;29.0576;807631224
910997629;384;26.011793541305156;5;29.0576;653772
1613371742;385;20.939713509278487;2;29.0576;6964842136
363478926;386;65.05453918065636;2;29.0576;1614923059
2351071547;387;38.758236882238684;3;29.0576;268648983
363468867;388;28.52008307497815;2;29.0576;19365032
1884813423;389;9.51372939868835;1;29.0576;1884813422
1621320667;390;8.139376924274488;2;29.0576;1621320663
1621320608;391;8.454077825126499;2;29.0576;1621320610
72743927;392;54.3093021965918;2;29.0576;1969136998
72743927;393;46.79967406472956;4;20.1168;1614922856
1614923000;394;14.708084960952327;1;29.0576;1614923002
2351053225;395;8.649845906673582;1;29.0576;1614923037
268538632;396;34.41517518455155;1;29.0576;268538649
317643333;397;17.089902176256057;1;29.0576;317643334
268538941;398;103.75948148692223;3;29.0576;268538905
2358067013;399;11.201009261242902;2;29.0576;1614922972
326746169;400;19.961970572991955;2;29.0576;326746171
269461344;401;29.37100498748276;1;29.0576;4074178193
353034595;402;144.33622345688346;4;29.0576;28448404
19365032;403;33.67270998604936;2;29.0576;363468652
1613371747;404;131.2831764069513;2;29.0576;31479975
326712429;405;86.32305759272647;4;29.0576;10559937
1614922969;406;11.23549404716608;2;29.0576;2358067013
269460939;407;44.3999211515594;4;29.0576;269460940
317650699;408;35.04312040694406;3;29.0576;317650700
404828674;409;57.69449886407597;4;29.0576;29098666
653767;410;61.647225197740426;5;29.0576;363429192
269460519;411;19.035393257065916;2;29.0576;269460520
7159741545;412;3.782453903489006;1;29.0576;7159741548
268539781;413;154.49576223592015;2;29.0576;268539785
269460527;414;51.62346948690328;4;29.0576;269460939
1614923041;415;5.992569071741199;1;29.0576;2351053413
807631219;416;34.45755662801649;2;29.0576;807631225
1621320612;417;7.232623824320012;2;29.0576;1621320618
269459296;418;60.5460306438665;4;29.0576;269459315
1621320649;419;14.150748866261717;2;29.0576;1621320648
269460925;420;41.22223988430166;2;29.0576;269460926
269459494;421;23.193844140928896;2;29.0576;269459495
317645343;422;14.210355676665111;3;29.0576;317645344
1621320698;423;32.512377773028796;2;29.0576;15068250
4019953152;424;56.81729742063488;2;29.0576;1614922903
269459074;425;11.029890085334618;1;29.0576;269459075
268648978;426;15.269070037271097;2;29.0576;2351053398
268537922;427;190.29351994101995;6;29.0576;268537923
269460927;428;39.68781680444798;6;29.0576;269460944
269460914;429;45.72959430686118;1;29.0576;269460915
1613371697;430;92.24955051247876;3;29.0576;1613371685
1614922915;431;14.42102851993426;1;29.0576;6876014918
2351071537;432;36.06828733045311;3;29.0576;268649419
268645017;433;14.98229972435669;1;29.0576;6883792419
268645017;434;14.557818279247963;2;29.0576;2351053208
269460517;435;37.91475358519887;2;29.0576;269460518
653768;436;24.956834491604436;5;29.0576;363432136
4065544419;437;13.170722030540572;3;29.0576;910997614
2358067019;438;21.84691234487777;3;29.0576;268538918
268539391;439;32.63280654751661;4;29.0576;268539392
1832222745;440;83.969490135825;2;29.0576;353034029
1738813599;441;18.55778522062017;1;29.0576;1614923015
317640724;442;33.73290201681843;2;29.0576;317810971
317640724;443;38.14874632037675;2;29.0576;317640725
29098666;444;42.90185151541994;4;29.0576;363477990
1614922792;445;50.59267211480986;1;29.0576;1614922785
807592268;446;63.03679031517111;2;29.0576;269459396
807592268;447;71.5444343645246;2;29.0576;1614923030
269460915;448;37.13528003336864;1;29.0576;269460916
6876014934;449;33.746193910982406;2;29.0576;1621320671
4055678331;450;51.91395700966275;5;29.0576;653766
317643107;451;29.7231441363506;2;29.0576;910997507
1614922884;452;11.401102668795863;2;29.0576;1614922897
4020085076;453;22.71919438447722;2;29.0576;4020085077
269459400;454;71.44525126992369;2;29.0576;269459401
7056145719;455;8.139887627602516;2;29.0576;7056145718
317645241;456;98.21233025452317;3;29.0576;317645242
338507113;457;8.732594771197535;4;29.0576;338507114
1613371739;458;25.34129491542766;2;29.0576;6964842133
338507124;459;9.032999173543368;1;29.0576;338507125
653770;460;108.57261086549192;5;29.0576;4065544421
268539959;461;42.67797139676107;1;29.0576;6883792588
4621006499;462;38.91628751904637;1;29.0576;1614922811
269459377;463;134.5165251938663;3;29.0576;269459378
268538754;464;113.67023721636777;2;29.0576;268538755
1621320632;465;47.750391664613;2;29.0576;1621320628
540985374;466;176.15374380010164;2;29.0576;540985379
268538748;467;20.06151874002324;2;29.0576;268538749
1614923004;468;11.992829600576645;1;29.0576;1614923001
268538936;469;17.526270633326735;3;29.0576;268538937
2351053195;470;13.09784404969959;2;29.0576;2351053446
18882157;471;30.378389619544816;4;20.1168;15715635
18882157;472;112.30736850828377;4;20.1168;269460895
269459341;473;68.01971479108113;5;29.0576;269459342
1614922891;474;145.23413643552965;4;29.0576;1347515636
1614922891;475;62.13055784261758;4;29.0576;279044881
4065544422;476;143.07895107588567;2;29.0576;269459501
319435660;477;79.3999983578141;1;29.0576;319435661
319435660;478;399.51118329742275;4;29.0576;268539758
7159741547;479;4.848050417452933;1;29.0576;7159741545
268537920;480;71.31162958700298;6;29.0576;268537921
1615052986;481;96.64017752591388;1;29.0576;317644068
1615052986;482;84.24168495046037;3;29.0576;317643880
1614922898;483;12.512445963259758;2;29.0576;4019953152
2358067007;484;42.81264796368418;2;29.0576;2974954238
2351053373;485;16.525971990509138;2;29.0576;2351053412
806547165;486;11.465970306595748;2;29.0576;268650043
806547165;487;10.22605227066722;2;29.0576;1614923051
1621320648;488;60.89997878424954;2;29.0576;1621320643
6883792586;489;5.850167891714926;1;29.0576;6883792584
1621320671;490;62.55699088773232;2;29.0576;268537940
268648983;491;27.17854026046496;4;29.0576;2351071543
338507123;492;6.333525252274113;1;29.0576;338507124
806547083;493;13.066009032473788;2;29.0576;2351053451
317644069;494;9.315770805726446;2;29.0576;317644070
1614922818;495;4.868751531974873;1;29.0576;7159741547
6481779969;496;11.610056151301697;2;29.0576;21420501
6876014907;497;39.100017953412504;2;29.0576;4020085084
268539393;498;26.657990945471074;4;29.0576;268539394
911278917;499;39.53057078814154;4;29.0576;10559936
269459161;500;78.71037886557524;5;29.0576;1530583594
72602876;501;24.02504892920536;2;29.0576;363434095
1614922975;502;10.900089526651122;2;29.0576;404827081
268539659;503;170.37388043398872;4;29.0576;69004190
1614922964;504;51.3858216649021;4;20.1168;268539899
1614922964;505;9.026033922429162;1;29.0576;5043935911
368062278;506;25.396780078444408;4;29.0576;268539541
1614922783;507;7.185222887261874;2;29.0576;6390186635
1614923048;508;27.97339636100719;1;29.0576;2351053210
2351071552;509;38.775839178630065;3;29.0576;2351071539
4020085075;510;33.009186844772266;2;29.0576;1614922750
1614923033;511;15.034251030267162;2;29.0576;2351053215
72744375;512;24.94451489373807;1;29.0576;607954829
1614922730;513;9.694148334530226;2;29.0576;6833701513
2351053298;514;13.278281974991648;1;29.0576;268644698
2358067004;515;12.5793330108164;2;29.0576;1614922975
1613371676;516;86.96994752189354;3;29.0576;1613371686
1621320651;517;58.64822119694718;1;29.0576;1621320653
279044881;518;71.99053890633634;4;29.0576;338507108
1614922798;519;33.04714678596522;2;29.0576;4020085081
540985792;520;26.06322716658969;2;29.0576;540985798
269459374;521;41.68526691544156;3;29.0576;269459375
268539954;522;10.509919098717342;1;29.0576;268539955
6883792578;523;11.433791649211733;1;29.0576;268539966
1614922811;524;14.672114376330594;1;29.0576;4621006498
269459231;525;25.495452255859313;3;29.0576;269459232
1614922855;526;89.90382302980903;2;29.0576;4019953151
268539537;527;26.906523196112705;1;29.0576;4074022321
540985381;528;41.226460519571205;2;29.0576;1614922981
540985381;529;44.71694066234087;2;29.0576;540985389
268538926;530;34.20969033804188;2;29.0576;2358067007
317641214;531;13.50324628723038;2;29.0576;317641215
269459236;532;24.54531212171402;3;29.0576;269459237
268648979;533;17.606911113607733;2;29.0576;268648980
2351053202;534;14.902861432299092;1;29.0576;1614923056
2351053305;535;16.55242899691801;1;29.0576;2351053429
1969136998;536;111.5550711539729;1;29.0576;1614922831
1969136998;537;106.72696759999793;2;29.0576;1969136997
268538915;538;22.151002334799795;3;29.0576;268538916
1614922786;539;138.3407182972141;2;29.0576;19365035
269459491;540;20.825361508154952;2;29.0576;269459492
353034026;541;85.64314977146617;2;29.0576;353034024
268537923;542;443.03829749345925;6;29.0576;353034879
271049970;543;6.119837852200192;2;29.0576;7056145716
21507171;544;34.32541958180922;2;29.0576;326725280
4020471407;545;56.89580669585829;2;29.0576;806547128
317642127;546;88.86495483598021;3;29.0576;317642128
269461345;547;61.54449314161511;1;29.0576;18882157
268538914;548;22.153852965308076;3;29.0576;268538915
2351053236;549;13.172962391738785;2;29.0576;268648983
1884813422;550;8.173864439306964;1;29.0576;1884813420
2358067022;551;13.306209968720152;2;29.0576;1614922969
4065544420;552;63.929528783610415;5;29.0576;72602764
38504557;553;294.90231201717353;5;29.0576;19365024
1530583594;554;38.90368233403046;5;29.0576;269459166
1997432689;555;17.114409447291028;2;29.0576;21420437
1371866052;556;17.005936282026905;2;29.0576;268538904
1614922757;557;89.23962933696427;2;29.0576;1614922765
1614922757;558;69.97769843037871;3;29.0576;1613371676
2351071535;559;25.57883220676981;4;29.0576;35361362
317650664;560;52.45127880248593;3;29.0576;1613371655
353033064;561;94.30382104669725;6;29.0576;353033065
3151976365;562;17.39284933945494;1;29.0576;1614923020
122482411;563;17.872174031635634;2;29.0576;4020085083
540985812;564;122.9424531294022;2;29.0576;540985818
317643334;565;32.78010946018902;1;29.0576;317643335
2351053451;566;18.736301612561984;2;29.0576;268649546
269460852;567;25.239210124256132;2;29.0576;269460853
1621320600;568;60.554629790762256;2;29.0576;269461330
910997306;569;40.43084196829282;3;29.0576;317642130
1614922729;570;9.317041537382721;2;29.0576;6833701512
268538755;571;56.77338600816698;2;29.0576;268538756
7056145716;572;6.69685502592367;2;29.0576;271049969
269459513;573;44.41291584711438;2;29.0576;269459514
1969136997;574;54.862070548452444;2;29.0576;1969136995
71987159;575;62.20537422477826;2;29.0576;1614923033
71987159;576;10.003564083850941;4;20.1168;2351053517
268650043;577;10.747920117093955;2;29.0576;268648897
6876014919;578;7.888409825441474;1;29.0576;1614922924
268538922;579;22.52462786455777;3;29.0576;2358067011
269460932;580;38.04690927165528;1;29.0576;269460933
1614923034;581;13.124386125922364;2;29.0576;2351053234
268538937;582;17.686872755719197;3;29.0576;2358067015
1614922842;583;43.5900801429085;1;29.0576;1614922854
317645339;584;25.438586120063864;3;29.0576;317645340
326723915;585;58.559992762279315;4;29.0576;269459293
317643880;586;30.01519535883943;3;29.0576;317643881
269459232;587;24.590072185537682;3;29.0576;269459233
269460947;588;40.44681975657386;6;29.0576;269460920
271049969;589;6.106715373862441;2;29.0576;271049968
540985476;590;18.50338504350246;2;29.0576;540985489
1614922741;591;54.232348715194675;2;29.0576;1614922743
317645344;592;13.258424955119864;3;29.0576;317645346
269459483;593;21.247063109961353;2;29.0576;269459484
72744100;594;77.17828576723177;2;29.0576;72744120
2351053398;595;16.304299728557;2;29.0576;2351053336
268644696;596;14.322437849436414;1;29.0576;268644697
269459075;597;11.199078367574419;1;29.0576;269459076
317645342;598;18.77871363540065;3;29.0576;317645343
6964842138;599;11.334915231682686;1;29.0576;1614922835
2351053511;600;8.982063546658434;1;29.0576;2351053225
933322049;601;12.424328930670185;1;20.1168;268644571
933322049;602;23.170518605293083;3;29.0576;1614923046
269459072;603;10.636804194609041;1;29.0576;269459073
269459375;604;46.15493980256656;3;29.0576;269459376
607954827;605;105.77802158940109;1;29.0576;1613371652
1614922751;606;128.15384876977527;2;29.0576;72602876
1614922951;607;37.891170186877154;2;29.0576;1614922943
319435679;608;14.576969197392831;1;29.0576;319435680
353035386;609;32.347485642590094;2;29.0576;269461329
1613371746;610;22.964980145466253;2;29.0576;6964842139
353033910;611;54.20096387149422;2;29.0576;1621320698
911278722;612;47.64278184104013;1;29.0576;1530583770
317645238;613;133.61483065218948;3;29.0576;317645241
317645238;614;133.594707842826;4;29.0576;317645312
319435665;615;17.542811951231148;1;29.0576;319435679
353034591;616;56.29293487534415;4;29.0576;353034592
353033062;617;61.099300320427695;6;29.0576;353033064
269459238;618;27.123164400067715;3;29.0576;2358067003
317641215;619;21.662372604556168;2;29.0576;1530583597
317650701;620;38.65669026920495;3;29.0576;317650702
1997429751;621;25.73139680268972;2;29.0576;1621320604
6964842134;622;16.864611737462017;2;29.0576;1371866052
363468866;623;26.08414116931986;2;29.0576;363468867
540985803;624;17.50308110925714;2;29.0576;540985808
268372447;625;21.284792300842454;2;29.0576;5731678873
269460898;626;32.64298280456816;1;29.0576;269460913
19365024;627;54.18646630255833;5;29.0576;363429201
353033056;628;60.86756099875499;6;29.0576;353033057
1613371720;629;109.00569910714259;5;29.0576;1613371701
269459166;630;73.15170630027968;5;29.0576;269459085
268539333;631;54.94113820729213;4;29.0576;268538950
6849087045;632;10.20942728227997;2;29.0576;6849087046
1838308389;633;32.91451156407018;1;29.0576;1838308390
1613371722;634;130.95162551889135;1;29.0576;1614922792
1613371722;635;134.86233463820446;3;29.0576;1613371705
807592312;636;113.40834241294874;2;29.0576;1614922953
807592312;637;102.97843619548911;3;29.0576;269459229
268538962;638;119.75166974662027;4;29.0576;268538960
268538901;639;26.886532221102918;2;29.0576;268538902
6964842139;640;28.53799649510388;2;29.0576;1613371747
5707482363;641;3.390906121202965;1;29.0576;319435681
268538952;642;117.67036598340867;4;29.0576;1614922914
1997429733;643;24.84366797081425;2;29.0576;269461330
1614923007;644;12.594687222524703;1;29.0576;1614923012
1613580569;645;115.24936959556314;2;29.0576;1613371739
1613580569;646;68.53658001630679;2;29.0576;6876014907
1614922779;647;1.6749263327882236;1;29.0576;6390186627
1614922808;648;36.539919326441;1;29.0576;4621006499
1614922808;649;41.71605136872543;3;29.0576;16582687
1614922826;650;29.768152395184554;1;29.0576;1614922837
2351053234;651;16.92618587360271;2;29.0576;2351053373
353033943;652;21.334363088630802;2;29.0576;353033942
2358067015;653;16.28809788352325;3;29.0576;268538938
269460924;654;40.44215533688068;2;29.0576;269460925
317645261;655;31.13900441284365;3;29.0576;317645262
2351053244;656;9.677496953531017;2;29.0576;1614923036
269460940;657;40.40381441674996;4;29.0576;269460941
4019953153;658;11.487809224072551;1;29.0576;1614922954
269460520;659;21.41558354031718;2;29.0576;269460521
653772;660;29.718484950318622;4;29.0576;2358067012
653772;661;27.434311063449943;2;29.0576;4065544422
1614922736;662;57.02301086581912;2;29.0576;317650658
353034890;663;39.66527946499808;2;29.0576;353034891
268538903;664;17.03999932770455;2;29.0576;6964842134
317643324;665;9.27328722657742;1;29.0576;317643325
268538666;666;35.29630412631029;1;29.0576;268538667
353033940;667;30.452618769393332;2;29.0576;353033910
269459495;668;41.58974372591379;2;29.0576;269459496
1621320622;669;65.00273275470076;1;29.0576;1621320626
269461337;670;55.35783309878563;2;29.0576;269461338
15715635;671;30.378389619544816;4;20.1168;18882157
15715635;672;88.33061361630638;2;29.0576;268538675
317641206;673;24.50945158209263;1;29.0576;317641208
1614923040;674;7.517281373816138;1;29.0576;2351053448
268538836;675;29.39350918962407;2;29.0576;268538837
2351053396;676;14.717153482595076;2;29.0576;2351071542
317650696;677;23.10159749187828;3;29.0576;317650697
6876014906;678;153.17329140763152;4;29.0576;1347515624
363432136;679;109.9975569473302;5;29.0576;72602888
269460929;680;29.218842019946507;1;29.0576;269460930
269459081;681;13.45367453897613;1;29.0576;269459082
269459501;682;17.326690823499007;2;29.0576;807592364
1613580561;683;38.366854259878224;2;29.0576;1613580556
326723975;684;19.03839913187948;4;29.0576;326723964
1614923042;685;44.88491750287513;2;29.0576;1614923045
326723964;686;285.5659181306412;4;29.0576;2358067005
1614922827;687;19.02956043788822;1;29.0576;6964842135
7056145717;688;9.255146758356878;2;29.0576;1614922729
1347515624;689;12.700016676955702;4;29.0576;1613580569
268538745;690;37.53277839645038;2;29.0576;268538746
4621006498;691;12.367324787611848;1;29.0576;1614922812
546611053;692;82.22961732642331;2;29.0576;269460517
4074022324;693;18.630609950892794;1;29.0576;3151976361
540985776;694;69.87888313442092;2;29.0576;540985780
1613371762;695;54.44894301121879;3;29.0576;1613371763
1621320647;696;55.983406856182185;6;29.0576;1613371777
1621320647;697;74.30335775388322;1;29.0576;1621320651
38454761;698;53.39647739292548;4;29.0576;1832222751
6390186635;699;17.765804499974276;2;29.0576;6390186632
269459373;700;40.5341333414712;3;29.0576;269459374
319435680;701;27.317819070801388;1;29.0576;4074022323
1614922830;702;24.162281985460957;1;29.0576;6964842138
317650555;703;39.03038106781372;5;29.0576;317650556
4032311967;704;5.829542184786317;1;29.0576;2351053198
1614922981;705;20.854365308223983;2;29.0576;1614922985
37976427;706;26.416084873399214;3;29.0576;2351071530
4020085080;707;35.5878450633859;2;29.0576;1614922795
1621320626;708;57.900179297666604;1;29.0576;1621320630
1614922849;709;26.90093830290892;2;29.0576;1614922853
1613580556;710;32.26696600017053;2;29.0576;1969136957
269459457;711;40.48429322253736;2;29.0576;269459476
10559937;712;57.337384801559374;4;29.0576;326723975
317644072;713;9.565679148445343;2;29.0576;317644073
4019953151;714;27.755156392797623;2;29.0576;1614922856
1614922785;715;23.12280092360651;1;29.0576;1614922784
268539394;716;30.268701689003226;4;29.0576;268539395
6390186623;717;2.079727840070334;1;29.0576;6390186626
1614922813;718;9.679150794561394;1;29.0576;1614922814
2351053200;719;92.82055835576789;1;29.0576;1614923032
1614923059;720;77.26045677182293;2;29.0576;1614923058
1621320624;721;62.258363844530855;2;29.0576;1621320619
268538940;722;16.065492390371006;3;29.0576;2358067021
1347515622;723;26.932302822815885;2;29.0576;1613580566
269461332;724;26.479792776438295;2;29.0576;269461333
404827086;725;55.205993677939674;2;29.0576;404827088
807592204;726;43.597075139897846;1;29.0576;4065544423
1614922903;727;42.074715888275676;2;29.0576;69004190
1614922775;728;72.08643665979766;5;29.0576;19365030
1614922775;729;73.71019452062546;2;29.0576;1614922763
1613371652;730;53.24966339667757;3;29.0576;1613371651
4621006496;731;5.468523407834145;1;29.0576;1614922815
1969136991;732;29.363377522339498;1;29.0576;1969136950
1621320653;733;27.024815147658675;1;29.0576;1621320660
4020085084;734;47.176174036747234;2;29.0576;1347515622
6390186626;735;1.4739909209259086;1;29.0576;1614922779
1614922934;736;7.873493950204218;1;29.0576;1614922926
269459514;737;147.87369625548519;2;29.0576;269459515
1613371645;738;89.43871099235606;3;29.0576;1613371640
268538924;739;30.41131936900602;2;29.0576;268538925
353033065;740;131.58208137214663;6;29.0576;653786
268538902;741;13.913643313170159;2;29.0576;6964842137
1615052988;742;84.81162068730738;5;29.0576;317645238
317643097;743;17.816850459510402;3;29.0576;317643098
268539852;744;8.257320648949888;2;29.0576;5689452775
6964842133;745;19.251912206375426;2;29.0576;6964842140
269459293;746;44.001489936712424;4;29.0576;807592424
269461330;747;28.021103226577175;2;29.0576;269461332
1969136950;748;37.216983503956826;1;29.0576;1969136948
1614922936;749;77.61559361295713;2;29.0576;1614922929
540985426;750;23.631403101995243;2;29.0576;540985438
1614923008;751;22.74378324816624;1;29.0576;1614923003
404827088;752;94.91546223567451;2;29.0576;269459338
269460854;753;70.39295963592272;1;29.0576;269460895
269460941;754;47.86808636441586;4;29.0576;269460942
268539535;755;58.398050720829474;1;29.0576;268539536
6964842140;756;13.83090919743368;2;29.0576;1613371742
6883792587;757;25.815587633747796;1;29.0576;268539959
1614922763;758;23.958974777399597;2;29.0576;38504672
2351053479;759;10.816072132555945;1;29.0576;2351053511
269459503;760;27.504301129317156;2;29.0576;269459504
269459376;761;49.096479675910054;3;29.0576;269459377
1347515619;762;116.08803810192147;4;29.0576;6876014909
317643327;763;9.544555446330174;1;29.0576;317643328
271049966;764;26.969961716134367;2;29.0576;271049965
6876014936;765;39.91876940385521;2;29.0576;1621320694
2358067025;766;22.19690268088284;3;29.0576;2358067017
6849087044;767;8.493905370455048;2;29.0576;2894755458
1614923022;768;60.301625405677136;1;29.0576;1738813601
1614923017;769;47.67409421515319;2;29.0576;1614922996
268644571;770;12.424328930670185;1;20.1168;933322049
268538925;771;32.99173684211777;2;29.0576;268538926
353034029;772;42.751008333803384;2;29.0576;353034026
1614923030;773;67.15887905167118;2;29.0576;1614923028
1613371620;774;90.95975566022132;3;29.0576;317640401
2351053324;775;8.131444857244158;1;29.0576;1614923039
910997614;776;40.64280631741392;5;29.0576;317643900
2351053504;777;13.987028842554087;2;29.0576;2351053396
1614923015;778;43.03024407655076;1;29.0576;1614923022
317643331;779;10.638605198705585;1;29.0576;317643332
1839684627;780;25.529294527023;3;29.0576;317643096
1614922748;781;35.87128196662685;2;29.0576;72744233
326746163;782;18.715789199044846;2;29.0576;326746165
1838308390;783;45.5434122783256;1;29.0576;4074022325
268539956;784;75.09727791813393;1;29.0576;268539958
268538935;785;19.720867150488132;3;29.0576;2358067006
6876014910;786;11.203175688224414;2;29.0576;1614922898
317643109;787;38.27144056231024;2;29.0576;317643110
29098665;788;49.24180351931927;5;29.0576;4065544420
353033058;789;64.01694799649637;6;29.0576;353033059
317650698;790;41.63581790886761;3;29.0576;317650699
353033057;791;52.66433769117684;6;29.0576;353033058
268538749;792;54.76531843840727;2;29.0576;268538668
1614922782;793;1.8673370323642973;1;29.0576;6390186623
353034882;794;106.8162534690418;2;29.0576;353034883
353034593;795;41.082502371767404;4;29.0576;353034594
404827082;796;11.21482976160055;2;29.0576;2358067014
269459510;797;27.628274513184678;2;29.0576;269459511
6876014909;798;99.70003715899497;4;29.0576;604319666
4020085077;799;31.541586439730025;2;29.0576;69275584
269459402;800;55.06059062161366;2;29.0576;326712429
269459315;801;104.06821714245176;4;29.0576;269459332
2351071539;802;36.893705238312606;3;29.0576;26208928
317645340;803;21.515801679011815;3;29.0576;317645341
338507114;804;13.454800921351376;4;29.0576;338507115
317642138;805;25.246083196599862;3;29.0576;317642139
317650662;806;17.366540219250897;3;29.0576;317650663
268539330;807;44.47524135452227;4;29.0576;268539331
268539330;808;14.784957915504638;4;20.1168;1614922856
363429201;809;269.91618517774987;5;29.0576;4055678331
269459077;810;15.139722055493493;1;29.0576;269459078
1613371776;811;50.79963870782939;6;29.0576;1621320647
910997771;812;32.034407896539456;5;29.0576;363429677
268649511;813;8.751783078386739;2;29.0576;268649512
6849087050;814;5.937208419429166;2;29.0576;6849087044
653771;815;73.10501939680049;5;29.0576;910997629
2351053508;816;13.706168109507646;1;29.0576;268644721
268539761;817;55.99274951073233;4;29.0576;268539762
1614923018;818;14.165690902891047;1;29.0576;1614923009
15068250;819;34.11261201958303;2;29.0576;1621320692
271049960;820;8.398382944391157;2;29.0576;271049970
540985737;821;18.759626441596616;2;29.0576;540985748
604238310;822;9.694309936646087;2;29.0576;604238311
317640716;823;18.95121056372926;3;29.0576;317640717
338507120;824;10.010546194823972;1;29.0576;338507121
269459476;825;31.018220255308382;2;29.0576;269459481
269459476;826;32.323044955703985;2;29.0576;269459489
1613371721;827;58.07914595631614;3;29.0576;1614922808
269460935;828;23.787622168911764;1;29.0576;269460936
604238308;829;3.630890781272266;2;29.0576;604238309
269459505;830;23.662512596045833;2;29.0576;269459506
4074022321;831;44.71833749973264;4;29.0576;6876014917
1614922991;832;11.19217218997118;1;29.0576;1614922993
2351053499;833;145.71004390072903;2;29.0576;1614923044
1621320630;834;53.57022520876902;1;29.0576;1621320634
268539331;835;68.60413831997435;4;29.0576;268539332
268538747;836;23.074568198302938;2;29.0576;268538748
269459484;837;23.59470017932157;2;29.0576;269460508
317642132;838;52.92050447607804;3;29.0576;317642133
4074178193;839;31.246572522061534;1;29.0576;269461345
6833701512;840;7.331263259938161;2;29.0576;1614922730
1614923055;841;25.292219980661176;1;29.0576;2351053202
268539392;842;54.58999742220196;4;29.0576;268539393
317645341;843;17.696317672982833;3;29.0576;317645342
317643899;844;130.68021188514896;3;29.0576;4065544419
2351053199;845;5.919237010321844;2;29.0576;2351053227
268648895;846;11.402327831674846;2;29.0576;4020471404
1621320643;847;43.60870949451381;2;29.0576;1621320632
6883792584;848;4.6094735006828635;1;29.0576;6883792582
5731678872;849;19.336834130754095;4;29.0576;268372447
269459509;850;28.30951079764966;2;29.0576;269459510
1969136995;851;29.684555808455272;2;29.0576;1969136994
365786987;852;57.121638859740074;4;29.0576;365786988
268538923;853;21.842834632062605;3;29.0576;2358067025
353033061;854;63.702576291381796;6;29.0576;353033062
317640719;855;35.715765978499164;3;29.0576;317640720
317645437;856;31.128393486433946;1;29.0576;910997272
317645437;857;30.34648891849922;2;29.0576;910997718
4621006497;858;7.4471807540190404;1;29.0576;1614922813
807592424;859;43.90452270888036;4;29.0576;269459296
1614922995;860;16.24042652829452;1;29.0576;1614922998
7056145718;861;11.805465035260317;2;29.0576;1614922734
20972371;862;116.3338646530855;4;29.0576;268539658
326723913;863;17.019651567726754;4;29.0576;326723915
269460518;864;18.379033629198833;2;29.0576;269460519
268538759;865;30.197015595865416;2;29.0576;268538924
2894755456;866;13.617049738346966;2;29.0576;123422870
6849087042;867;7.113494830811283;2;29.0576;6849087041
268539947;868;8.088171809156457;1;29.0576;1614922965
269459233;869;24.60844737242339;3;29.0576;269459234
1614923047;870;53.92824105952201;2;29.0576;1614923049
540985413;871;23.101634583194684;2;29.0576;540985426
1614922732;872;6.968090926709023;2;29.0576;7056145720
20972369;873;126.973342037942;4;29.0576;268539960
4074022325;874;23.977790992956397;1;29.0576;4074022324
7159741549;875;3.710587555238621;1;29.0576;7159741544
338507111;876;12.986377417568185;4;29.0576;338507112
6390186628;877;1.8349711125460761;1;29.0576;1614922778
2351053215;878;9.35637622406487;2;29.0576;1614923035
1621320660;879;27.352210089873537;1;29.0576;1621320665
910997750;880;48.49410364677538;2;29.0576;910997773
317645262;881;30.95753542227502;3;29.0576;317644172
6964842135;882;14.788504345081389;1;29.0576;1614922830
4020085072;883;8.323113496081275;2;29.0576;1614922746
317643328;884;8.268343118986671;1;29.0576;317643329
319435662;885;25.139933278378425;1;29.0576;319435726
1614923009;886;12.204766743139874;1;29.0576;1614923005
269459288;887;20.159537101281582;1;29.0576;269459289
2358067016;888;17.383786961174007;2;29.0576;1614922961
268538675;889;48.518420749464894;2;29.0576;268538745
1614923039;890;5.839510219017566;1;29.0576;1614923040
317641212;891;19.343996948113833;2;29.0576;317641213
807631224;892;44.3552706945433;1;29.0576;911278722
319435726;893;59.15363120998368;1;29.0576;319435665
21150906;894;24.212548643409413;2;29.0576;1621320608
317810973;895;47.82185235495591;2;29.0576;317810974
268538757;896;38.55784064397555;2;29.0576;268538758
2351053192;897;16.990369383645092;2;29.0576;806547140
4065544424;898;49.17252141428969;4;29.0576;269459338
6481779968;899;100.53974704692557;2;29.0576;4020085080
1614922965;900;6.23815651021335;1;29.0576;6883792580
1614922998;901;49.038116093394564;1;29.0576;1614923007
317640717;902;30.810543430734768;3;29.0576;317640718
21420499;903;123.0811671591382;2;29.0576;1614922793
21420499;904;144.3206803115926;5;29.0576;653770
363434095;905;58.82927477839195;2;29.0576;363433967
1614922816;906;65.85164551119163;1;29.0576;1614922821
26208924;907;9.529216052954665;1;29.0576;3151976365
1613371774;908;82.00871243669367;6;29.0576;1613371775
268539308;909;82.87689271744007;1;29.0576;268539310
271049965;910;16.63594418019547;2;29.0576;7056145717
268539395;911;35.58695366824174;4;29.0576;268539396
268538752;912;35.57579257567261;2;29.0576;268538753
6876014905;913;61.03173681247398;2;29.0576;72744100
269461336;914;32.662057084542504;2;29.0576;269461337
1614922758;915;85.75459269307724;2;29.0576;1614922752
1614922758;916;205.3965212975894;3;29.0576;20972376
269459511;917;30.150979544104008;2;29.0576;269459512
269460943;918;39.626665684687715;4;29.0576;269460927
4074022323;919;22.143451556941933;1;29.0576;5707482363
269460938;920;52.86936653646281;1;29.0576;27463276
353034885;921;37.863556192541715;2;29.0576;353034886
807592364;922;17.141267953741256;2;29.0576;269459502
2351053227;923;20.408172352632974;2;29.0576;268644571
363468652;924;34.04337164520116;2;29.0576;15068253
269460942;925;39.64872901849827;4;29.0576;269460943
20972370;926;136.39538337180335;4;29.0576;68267437
3151976361;927;10.638640471347706;1;29.0576;122909086
1339369210;928;31.86431552226662;3;29.0576;317645436
1614923020;929;13.887395342998483;1;29.0576;1614923018
317644070;930;12.297878402809737;2;29.0576;317644071
16582687;931;98.63690181611466;1;29.0576;1614922816
16582687;932;143.7587387485473;2;29.0576;268538835
269460946;933;49.12927221528413;6;29.0576;269460947
353034879;934;75.47881557752912;2;29.0576;1832222745
353034879;935;65.21268796067777;6;29.0576;1615052989
268648980;936;37.7821820085393;2;29.0576;2351053405
19365035;937;32.050549188055996;5;29.0576;1614922775
1614922752;938;106.31576421554185;2;29.0576;1614922749
1621320628;939;31.14447546818263;2;29.0576;1621320624
7159741544;940;4.334955473673878;1;29.0576;7159741550
38504569;941;17.762690002285023;2;20.1168;607902543
317644074;942;11.998158026432357;2;29.0576;317644085
1614923051;943;14.52607171450938;2;29.0576;2351053442
604238568;944;16.4232368038925;2;29.0576;269459508
1614923002;945;56.602338312648065;1;29.0576;1738813599
1614923001;946;11.72684505961293;1;29.0576;1614923000
268537943;947;69.69810853138621;2;29.0576;268537944
1969136957;948;47.09889748854597;2;29.0576;1969136948
2351071532;949;36.95465114005298;3;29.0576;2351071552
269459399;950;30.590147521757093;2;29.0576;269459400
268538838;951;33.23195297841855;2;29.0576;268538901
269459080;952;13.988463709527599;1;29.0576;269459081
4020085083;953;29.63478496229318;2;29.0576;1614922817
1614923012;954;6.992876056310728;1;29.0576;1614923010
250056463;955;45.233658942294944;4;29.0576;4055678332
269460913;956;57.39638225262757;1;29.0576;269460914
269459078;957;14.033433375572677;1;29.0576;269459079
283382639;958;120.85805287055926;4;29.0576;363477390
268539388;959;96.20325191651611;4;29.0576;268539390
268539388;960;31.03923747905614;1;29.0576;6876014914
4020085078;961;21.61601449936138;1;29.0576;1614922788
268537940;962;49.585005327522715;2;29.0576;268537943
269459082;963;18.02081914696329;1;29.0576;269459083
540985771;964;91.01264447196301;2;29.0576;540985776
268538667;965;57.898139074314315;1;29.0576;268538668
269459224;966;33.4204131476912;4;29.0576;269459225
2358067020;967;21.480209695294054;3;29.0576;268538935
1614922961;968;12.911290251208797;2;29.0576;2358067022
268539951;969;11.602520778433453;1;29.0576;268539952
317640723;970;51.93135177824079;3;29.0576;317640724
353033942;971;21.619977311469903;2;29.0576;353033941
1614922734;972;47.97864679378125;2;29.0576;1614922736
317642126;973;47.036525786333584;2;29.0576;317642127
365786986;974;41.53241272868651;4;29.0576;365786987
317642135;975;23.223817880634222;3;29.0576;317642136
2358067023;976;22.374941025541162;3;29.0576;268538917
269459482;977;20.64759128902254;2;29.0576;269459483
269460923;978;39.22359462171602;2;29.0576;269460924
540985506;979;14.547058977995503;2;29.0576;540985718
268538917;980;21.36794719103673;3;29.0576;2358067019
269459426;981;57.51600748299967;2;29.0576;269459433
268649512;982;7.22503978319557;2;29.0576;268649513
268537918;983;51.89318657585798;6;29.0576;268537919
269460922;984;42.65794234848602;2;29.0576;269460923
807631221;985;57.22593229887235;4;29.0576;38454746
317643099;986;28.15101061616024;2;29.0576;317643100
269461333;987;34.15946968255844;2;29.0576;269461334
269460851;988;28.62866605306184;2;29.0576;269460852
269459489;989;16.924575831532035;2;29.0576;269459490
317640725;990;45.80628537221256;2;29.0576;317640726
317650521;991;48.758730415945685;5;29.0576;317650554
2351071554;992;33.997762320376296;3;29.0576;37976427
317645312;993;100.81575486357583;3;29.0576;317645313
269459507;994;15.923020504079268;2;29.0576;604238568
268539949;995;9.980145566397285;1;29.0576;268539950
1614922784;996;4.0902937416524034;1;29.0576;6390186624
326746161;997;21.184986972113485;2;29.0576;326746163
1832222747;998;57.17098529610629;6;29.0576;353034446
6876014917;999;32.36041672140366;4;29.0576;4074022322
269459506;1000;13.822705050492342;2;29.0576;604238447
269460930;1001;37.6505033702968;1;29.0576;269460931
806547140;1002;18.96881895825047;2;29.0576;268648982
317641203;1003;18.163976883209617;1;29.0576;317641205
269459515;1004;39.07646437287162;2;29.0576;269460921
317645313;1005;99.57031720201827;3;29.0576;317645314
317645346;1006;12.623067764652637;3;29.0576;317645347
1614922835;1007;24.50057621888439;1;29.0576;1614922838
338507122;1008;6.535408234141069;1;29.0576;338507123
2351053517;1009;10.003564083850941;4;20.1168;71987159
268539332;1010;53.288502533978935;4;29.0576;268539333
268537944;1011;69.89270839676288;2;29.0576;268537945
4020085069;1012;41.02720413300858;2;29.0576;4020085070
1614922854;1013;30.69777530123121;1;29.0576;1614922865
1969136992;1014;23.190609935133292;1;29.0576;1969136991
6876014914;1015;60.82386264049554;1;29.0576;6876014915
6883792588;1016;36.572848735530386;1;29.0576;268539960
269459338;1017;47.975745642246075;5;29.0576;269459339
268539785;1018;6.914551079346436;2;29.0576;6849087050
268539785;1019;8.423017527675864;2;29.0576;6849087043
15068253;1020;31.621725702478702;2;29.0576;604238311
1613371771;1021;142.16985967258182;2;29.0576;269460849
1613371771;1022;228.03252271361117;3;29.0576;269459373
269460944;1023;43.51411643156233;6;29.0576;269460945
268538649;1024;25.102178006872606;1;29.0576;268538650
5707478704;1025;31.088023424678536;1;29.0576;268539947
268538932;1026;21.825028812381486;3;29.0576;268538933
269459085;1027;69.00534243907727;5;29.0576;283382571
2358067008;1028;22.04696891990859;3;29.0576;268538922
607954829;1029;24.62562765565408;1;29.0576;72744388
604238307;1030;4.918946655704039;2;29.0576;604238308
268538756;1031;35.819755979106034;2;29.0576;268538757
317642134;1032;26.79550788146618;3;29.0576;317642135
268537919;1033;69.06109135578416;6;29.0576;268537920
268643594;1034;12.329977496321685;2;29.0576;2351053287
1614923036;1035;11.521156841710592;2;29.0576;1614923034
2358067010;1036;21.984665653279404;3;29.0576;268538919
1614923029;1037;23.275086195042142;4;29.0576;37976436
269461339;1038;77.70860652774384;2;29.0576;540985362
269461339;1039;44.40858308858385;2;29.0576;1997429756
26208928;1040;33.997261059501206;3;29.0576;2351071540
2351071540;1041;32.1962851635562;3;29.0576;2351071554
269460921;1042;51.103810950858325;2;29.0576;269460922
269460921;1043;78.24498259692287;1;29.0576;269460928
2974954237;1044;15.12202163614362;2;29.0576;2358067008
1614922968;1045;12.705440026873298;1;29.0576;1614922965
268537917;1046;53.29667224363949;6;29.0576;268537918
268538905;1047;80.78146582044151;4;29.0576;268538962
268644698;1048;13.460603879063681;1;29.0576;2351053508
317643104;1049;24.689214511293542;2;29.0576;317643106
540985403;1050;27.734019797924205;2;29.0576;540985413
7159741548;1051;4.29473951717745;1;29.0576;1614922819
1621320670;1052;8.647948872718704;2;29.0576;1621320667
269460926;1053;51.106361189034814;2;29.0576;269460927
1614922795;1054;65.8605216091257;2;29.0576;1614922786
4020471404;1055;20.848232326314495;2;29.0576;268648894
1614922733;1056;7.898808334484579;2;29.0576;7056145719
1530583770;1057;70.57829913287787;1;29.0576;1530583594
1614922739;1058;55.83550835113005;2;29.0576;1614922740
1614923043;1059;4.704919049600475;2;29.0576;2351053199
268644785;1060;96.79504807660743;3;29.0576;268644978
28448404;1061;55.861428887029845;4;29.0576;1832222753
317640718;1062;31.717088961218817;3;29.0576;317640719
2358067005;1063;28.356222280698503;4;29.0576;540985818
269459237;1064;27.615096098331595;3;29.0576;269459238
2351071533;1065;31.572472911413982;3;29.0576;268649420
2351053210;1066;14.573041744802467;1;29.0576;2351053408
353034884;1067;42.11008929275745;2;29.0576;353034885
1614922831;1068;33.81510058556656;1;29.0576;1614922827
540985489;1069;22.19044656786442;2;29.0576;540985498
6833701511;1070;3.7716893214370613;2;29.0576;271049966
268539964;1071;8.004363407276639;1;29.0576;268539965
317643098;1072;31.343301764891415;2;29.0576;317643099
353033055;1073;67.21418647529131;6;29.0576;353033056
540985798;1074;18.12723695382589;2;29.0576;540985803
317650554;1075;37.99848725203415;5;29.0576;317650555
268644697;1076;13.41936325736431;1;29.0576;2351053298
317641208;1077;38.689292343831745;1;29.0576;317641210
317642131;1078;40.619033311219056;3;29.0576;317642132
2894755455;1079;12.471449346540105;2;29.0576;1614922884
910997773;1080;71.51177601069598;2;29.0576;317643902
269459481;1081;12.534693585629208;2;29.0576;269459482
1614922924;1082;10.36937143077915;1;29.0576;1614922915
338507125;1083;15.142736239603346;1;29.0576;338507085
2358067003;1084;362.69878553156326;3;29.0576;268538914
269459397;1085;31.513481234101388;2;29.0576;269459398
317644087;1086;15.780187979630677;2;29.0576;72603226
268648982;1087;32.415269969755585;2;29.0576;2351053504
540985718;1088;18.951262183980727;2;29.0576;540985730
1613371761;1089;66.3210509373279;3;29.0576;1613371762
317640720;1090;24.91661474556794;3;29.0576;317640721
353034889;1091;90.36390853033045;2;29.0576;353034890
372968833;1092;10.307209980680943;1;29.0576;372968834
6390186624;1093;3.161366430090369;1;29.0576;6390186625
326746171;1094;17.086220468565664;2;29.0576;546611033
268537915;1095;54.87774459742014;6;29.0576;268537916
338507112;1096;9.225282341342393;4;29.0576;338507113
319435661;1097;20.74824625426497;1;29.0576;319435662
1613371640;1098;70.30944147080646;3;29.0576;1613371633
269460850;1099;28.279263203475807;2;29.0576;269460851
269459492;1100;22.179202969740192;2;29.0576;269459494
123422870;1101;14.215507591672042;2;29.0576;2894755455
123422870;1102;35.14685511414015;5;20.1168;2894755454
353034886;1103;58.39528736434971;2;29.0576;353034887
1614922865;1104;81.2074672061498;1;29.0576;31479975
1614923046;1105;11.865248338130032;2;29.0576;2351053334
1614923046;1106;6.695126015816654;1;29.0576;4032311967
283382636;1107;49.22674507568292;5;29.0576;286375277
317645314;1108;28.30926092082386;3;29.0576;317645339
317644073;1109;10.575788419358798;2;29.0576;317644074
317642128;1110;40.87762479143267;3;29.0576;910997306
4019941243;1111;40.73760151843284;2;29.0576;1614923053
268539899;1112;51.3858216649021;4;20.1168;1614922964
268539899;1113;6.2965645532014465;1;29.0576;5707478704
558487390;1114;107.2451097974726;5;29.0576;19365037
317640727;1115;96.77913379056089;2;29.0576;317640728
363477390;1116;133.20416034823572;2;29.0576;807631219
363477390;1117;127.24660970614988;5;29.0576;911278917
317641205;1118;18.147008256686885;1;29.0576;317641206
317643336;1119;18.96368772272722;1;29.0576;317643337
317644086;1120;9.641295097342898;2;29.0576;317644087
1613371666;1121;32.096610905475664;3;29.0576;1614922757
317650663;1122;15.017330143194846;3;29.0576;317650664
268538835;1123;31.562522131715884;2;29.0576;268538836
1614922738;1124;100.1184432621274;1;29.0576;653766
604238311;1125;54.595624996217616;2;29.0576;4020085071
1614922996;1126;100.34745118884699;2;29.0576;269459457
1621320634;1127;68.57728353139049;1;29.0576;1621320645
807631225;1128;117.39456780759355;2;29.0576;269459421
1621320619;1129;84.17792229739723;2;29.0576;1621320606
268649419;1130;34.660349839332554;3;29.0576;2351071533
1614922838;1131;22.74536895987187;1;29.0576;1614922842
353034446;1132;155.6157105104415;2;29.0576;353034882
353034446;1133;244.63304181498359;4;29.0576;353034591
269459289;1134;39.28374492144676;1;29.0576;807592204
6849087046;1135;10.397875291391104;2;29.0576;2894755456
6883792580;1136;10.992017171060937;1;29.0576;268539949
1997429749;1137;70.38057717632839;1;29.0576;269461344
317643096;1138;18.603781656611673;3;29.0576;317643097
1614922788;1139;148.91012735192544;1;29.0576;1613371721
6390186627;1140;1.6619891982614126;1;29.0576;6390186628
1614923049;1141;17.6735808162893;2;29.0576;2351053272
1621320650;1142;11.00136654365623;2;29.0576;1621320649
546611033;1143;17.732731744606163;2;29.0576;326746173
268649420;1144;38.244543009096866;3;29.0576;2351071549
1613371705;1145;85.84920763050069;3;29.0576;1613371698
2351053367;1146;12.382779187290927;2;29.0576;268649211
6390186632;1147;22.56099869856689;2;29.0576;4020085078
72602899;1148;12.892729221857289;2;29.0576;6481779968
1613371698;1149;43.05376456910456;3;29.0576;1613371697
268649211;1150;9.513712328780683;2;29.0576;268649511
1614922740;1151;32.52364205893138;2;29.0576;4020085069
2351053413;1152;4.279854878027962;1;29.0576;1614923042
269460916;1153;61.102943783271975;1;29.0576;269459515
269460895;1154;112.30736850828377;4;20.1168;18882157
269460895;1155;37.60895609153565;1;29.0576;269460896
26208916;1156;25.728964842961393;4;29.0576;1614922982
1621320606;1157;25.371677344104715;2;29.0576;1997429751
1614922926;1158;7.166743137606596;1;29.0576;6876014919
268539950;1159;9.259075427241303;1;29.0576;268539951
910997351;1160;35.159185016207346;5;29.0576;29098665
540985498;1161;16.986937392584768;2;29.0576;540985506
19365030;1162;25.493006555310092;5;29.0576;38504557
268538837;1163;35.221188950845274;2;29.0576;268538838
1613580550;1164;55.879659472789406;3;29.0576;1969136943
2351053222;1165;13.584319182406395;1;29.0576;2351053446
268539758;1166;41.94179429352203;4;29.0576;268539759
269460936;1167;26.443529831674272;1;29.0576;269460937
317643100;1168;24.425741219385436;2;29.0576;317643101
317642139;1169;20.119215186582593;3;29.0576;317650696
2351071555;1170;26.268758814713223;3;29.0576;2351071532
268539310;1171;44.49008439655262;1;29.0576;6876014908
268648897;1172;19.669374513359593;2;29.0576;2351053312
317645347;1173;31.130835678803265;3;29.0576;1339369210
353033944;1174;22.409671177739607;2;29.0576;353033943
31479975;1175;125.01929611092906;3;29.0576;1613371752
317642137;1176;27.710561187097902;3;29.0576;317642138
1614922853;1177;21.566746075770187;2;29.0576;1614922855
268538938;1178;18.53297125455266;3;29.0576;268538939
268538938;1179;39.47278648082887;2;29.0576;1614922848
269461334;1180;31.940675133994965;2;29.0576;269461335
604238278;1181;34.911439450372804;1;29.0576;72744375
317640726;1182;66.0688756411208;2;29.0576;317640727
317643881;1183;30.072090311551317;3;29.0576;317643882
317642136;1184;29.462506797363403;3;29.0576;317642137
269460897;1185;13.07089477077806;1;29.0576;269460898
6883792577;1186;19.17073853092062;1;29.0576;268539956
1614922747;1187;5.98479367944059;2;29.0576;4020085073
269460508;1188;25.574510564343043;2;29.0576;326746161
2351053233;1189;16.798897661249395;2;29.0576;268648982
2358067012;1190;283.40692960025547;4;29.0576;326723913
269461335;1191;34.52245100515429;2;29.0576;269461336
6883792585;1192;13.19844777122923;1;29.0576;6883792586
1614922972;1193;11.615745045584724;2;29.0576;2358067004
268538918;1194;21.61552118688245;3;29.0576;2358067010
1621320604;1195;17.944701015903792;2;29.0576;1997429742
353034592;1196;40.373017464189296;4;29.0576;353034593
283382628;1197;38.71873791645247;5;29.0576;283382575
1832222749;1198;38.04955033177656;4;29.0576;269459224
38454746;1199;64.22265831001535;4;29.0576;326711425
317650659;1200;43.57356690736094;3;29.0576;317650660
372968834;1201;12.045830592364883;1;29.0576;268539970
317645242;1202;83.75144423293817;3;29.0576;317645243
317643329;1203;11.342465967435414;1;29.0576;317643330
317650700;1204;34.003194350054905;3;29.0576;317650701
6390186625;1205;2.696763664042797;1;29.0576;1614922782
338507116;1206;25.47974853138262;4;29.0576;1614922946
317643323;1207;10.621054201931054;1;29.0576;317643324
326725281;1208;45.27364434918342;2;29.0576;269459287
6876014915;1209;19.174642518620395;1;29.0576;268539535
1613371696;1210;44.6070712560808;3;29.0576;1613371699
1614923035;1211;8.53103489052593;2;29.0576;2351053244
268539788;1212;7.932489113738737;2;29.0576;6849087042
404827084;1213;12.401371404495494;2;29.0576;404827086
1614923044;1214;20.45516031410494;2;29.0576;2351053195
268539960;1215;58.94553095303973;4;29.0576;26208916
1614922817;1216;6.300400061657254;1;29.0576;7159741549
268539955;1217;8.74545970366886;1;29.0576;6883792577
1613371633;1218;70.3204939632582;3;29.0576;1613371620
269461329;1219;29.372735618055067;2;29.0576;1997429733
